static const char kernel_config_data[] __used = MAGIC_START
	"\x1f\x8b\x08\x00\x00\x00\x00\x00\x02\x03\x94\x3c\x5d\x73\xdb\xb6"
	"\xb2\xef\xfd\x15\x9a\xf4\x3e\xdc\xfb\xd0\x46\xb2\x1d\xc7\x99\x3b"
	"\x7e\x00\x49\x50\x44\x45\x12\x34\x00\x4a\xb2\x5f\x38\xaa\xad\xa4"
	"\x9e\x3a\x72\x8e\x2c\xb7\xcd\xbf\x3f\xbb\x00\x29\x02\x24\x20\xa7"
	"\x9d\x4e\xc6\xc4\x2e\x16\x5f\x8b\xfd\x86\x7e\xfe\xe9\xe7\x09\x79"
	"\x3d\x3c\x7f\xdd\x1c\x1e\xef\x37\x4f\x4f\xdf\x27\x5f\xb6\xbb\xed"
	"\x7e\x73\xd8\x3e\x4c\x3e\x3f\x3e\x6d\xff\x7f\x92\xf0\x49\xc9\xd5"
	"\x84\x26\x4c\xfd\x0a\xc8\xf9\xe3\xee\xf5\x9f\xf7\x9b\xfd\xd7\xcb"
	"\x8b\xc9\xc5\xaf\x33\xf8\x7f\x76\x3e\x59\x6c\xf7\xbb\xed\xd3\x24"
	"\x7e\xde\x7d\x7e\xfc\xf2\x0a\xbd\x1f\x9f\x77\x3f\xfd\xfc\x53\xcc"
	"\xcb\x94\xcd\x1b\x22\x8a\xcb\x8b\xeb\xef\xdd\xe7\xe5\x45\xc4\x54"
	"\xff\x49\x44\x9c\x35\x55\x76\x2b\x1b\x92\x24\xa2\x51\x43\x78\x51"
	"\xd4\x36\x32\x90\x6a\x2a\x32\xa7\x8d\xcc\x58\xaa\xae\x67\x67\x2e"
	"\x08\x3e\x54\x0b\xba\x70\x46\x28\x0a\x52\x35\xa2\x4c\x1a\x20\x2e"
	"\x9b\x82\x95\xd7\xb3\xab\x53\x08\x64\x7d\x7d\x16\xa0\x10\xf3\xa2"
	"\x22\xca\x22\x34\xfb\x01\x3c\xa0\x37\xbb\xec\xf0\xa4\x22\xf1\x42"
	"\x09\x12\xc3\x32\xea\xaa\xe2\xc2\x5a\x2f\xcb\x73\x3a\x27\x79\x53"
	"\x71\x56\x2a\x2a\x9a\x25\xc9\x6b\x7a\x3d\xfd\xe7\x61\xbb\x79\x98"
	"\x5a\xff\x75\xf8\x39\x8f\x17\x09\xad\xc6\x84\x0c\x7d\x26\x6e\xd2"
	"\x9c\xcc\xe5\x18\x2e\x56\x92\x16\xcd\x3a\xce\xe6\xb0\xf1\x0d\xc9"
	"\xe7\x5c\x30\x95\x15\x3d\xc2\x9c\x96\x54\xb0\xb8\x89\xea\xb9\xb7"
	"\xb1\x11\x34\x27\x8a\x2d\x69\x37\x57\x39\x46\xcb\x56\x94\xcd\x33"
	"\x35\x06\xc4\xb2\xf6\x0c\x15\x93\x9c\x45\x82\x28\xda\x24\x40\xfb"
	"\x16\x10\x7e\x9e\xb4\x28\x77\xbc\x84\xd6\x82\x4c\x1e\x5f\x26\xbb"
	"\xe7\xc3\xe4\x65\x7b\xe8\x7a\x67\x04\xe6\xd0\x91\x98\xd7\xd5\x80"
	"\xb9\xa0\x53\x80\xb7\x4a\x4a\x13\x0d\xc6\x23\x83\x43\x51\x74\x00"
	"\x93\x73\x0d\xce\x69\x39\x57\x59\x0f\x93\x85\x35\x86\x5c\x31\xae"
	"\xf2\xc8\x3a\x41\x0e\x3c\xdb\x64\x34\xaf\xa8\xe8\x5b\x17\x54\x94"
	"\x34\x6f\x0a\x9e\x50\xa0\xcd\xcb\x1e\x92\xb2\x75\x43\x89\xc8\x6f"
	"\xe1\xbb\x29\xa8\xb5\x2d\xd5\x5c\x91\x28\xa7\x30\xfe\x92\xe6\xf2"
	"\xfa\xdc\x59\x56\x7b\xa0\xb2\xa9\x2b\xc1\x23\x2a\x87\x57\x4a\xf0"
	"\xb8\x59\xc4\x5c\xd0\x46\xd1\xb5\xb5\xe8\x84\xa6\x1d\xeb\x30\xa9"
	"\xae\xdf\xbd\x7f\x7a\xfc\xfd\xfd\xd7\xe7\x87\xd7\xa7\xed\xcb\xfb"
	"\xff\xa9\x4b\x52\x50\x3c\x59\x4a\x24\x7d\xff\xeb\xbd\xbe\xd2\xef"
	"\x8e\x4b\x13\x37\xcd\x8a\x8b\x45\x4f\x2d\xaa\x59\x9e\x28\x06\x7d"
	"\x60\x10\x3d\x59\xe9\x72\x61\x26\x28\x49\x1a\x56\xa6\x1c\xfe\x69"
	"\x14\x91\xd8\x19\x84\xc3\xcf\x93\xb9\x96\x34\x4f\x78\x92\xaf\xdf"
	"\x7a\x71\xc1\x4a\xa6\x1a\x5a\x2e\x61\x19\x38\xc5\x02\x0e\xec\xfc"
	"\x78\xcb\x63\xc1\xa5\xd4\x37\x8b\xe5\xf4\xfa\xdd\xbb\x9e\x3f\xda"
	"\x36\x58\xac\x54\x1e\x1e\x81\x6b\x42\xf2\x25\xf0\x28\x83\xad\x7f"
	"\xf7\xcb\xfc\x59\xfc\xb1\xd9\x65\xdb\x6d\x63\x64\x97\x45\xc8\xc6"
	"\x6c\x48\xad\xb8\x87\x1a\xec\x21\xa9\x73\xd5\x64\x5c\x2a\xdc\xb0"
	"\xeb\x77\xff\xbb\x7b\xde\x6d\xff\xef\x5d\xcf\x14\xa4\xb2\xb9\x57"
	"\xde\xca\x25\xab\x62\x0f\xa9\x8a\x4b\x38\xff\xe2\xa6\xa6\xb5\xc5"
	"\x7d\x76\x2b\x76\x8e\x55\xde\x03\xcd\x26\x00\xa7\x70\x71\xdb\x10"
	"\x05\xc2\x24\xb3\xc7\x4a\x33\x52\x26\x39\xb5\xc7\x3a\xc2\x6a\x49"
	"\xe1\x86\x79\xa6\x41\xea\xc4\xbe\x19\xfa\x4a\x69\x3e\xd2\x00\x9c"
	"\x01\xc9\xad\x29\x9c\x68\x6d\x56\x44\xc5\xd9\xb0\x51\x09\x4a\xbb"
	"\x83\x07\x2e\x9a\xbc\xbc\xfe\xfe\xf2\xfd\xe5\xb0\xfd\xda\x1f\x7c"
	"\x77\x83\x91\xc9\x34\x4b\x8f\xe5\x03\x82\x64\xc6\x57\x61\x88\xb9"
	"\x2b\x7e\x38\x4d\x53\x1a\x6b\x81\x45\xd2\x14\xee\xbc\x5c\xf8\xf1"
	"\x0a\x36\x07\x19\xc4\xec\x3b\x9a\x11\x91\x00\x08\xc4\xe8\x0a\x2e"
	"\x87\xa4\x65\xe2\xef\x1a\x67\xcc\x12\x0d\xd8\x92\xf0\x82\xb0\xd2"
	"\xd7\xd6\x64\x8c\x0a\xdc\xe3\xdb\x31\xad\x42\x32\xc4\x0c\x02\x46"
	"\x64\xcd\x99\x77\x94\x4d\xd7\xe3\xa9\x5b\x63\x26\x14\x24\xb7\xe7"
	"\xfc\x11\x25\xe5\x22\x06\xa1\x67\xae\x2c\x2b\x2d\xa9\x2f\x2b\x22"
	"\x24\x1d\x92\xb5\x17\xae\xe9\xa6\xd2\xc7\x59\xc8\x45\x31\xaa\x29"
	"\xc9\x6b\x18\xa0\x49\x88\x22\xe3\x85\x69\x19\xb2\x1c\xb1\xd4\x51"
	"\x33\x20\x01\x38\xda\x52\x0d\x05\x5d\x46\x24\x74\x8e\x17\x4d\x24"
	"\x38\x49\x62\x22\xd5\xc9\xde\x0e\x9a\x66\x47\xf5\xf8\x75\xbb\x7f"
	"\xf1\x71\xa4\x26\x0b\x7a\x07\x18\xcb\xd6\x1a\xbc\xc9\xee\x50\xde"
	"\x14\x9a\x43\x8e\xdb\x01\x8d\x20\xf1\x19\x4f\x98\xef\x9e\x9b\x5e"
	"\x0c\x0e\xc9\xee\x63\x5a\xd3\x3a\xcf\x43\x5d\xac\x23\x06\x4d\x8a"
	"\xcc\xa7\xb7\x4a\x2b\x5b\x3d\xfd\xb8\xaa\xdf\xab\xcd\xcb\x9f\x93"
	"\x03\xac\x63\xb2\xd9\x3d\x4c\x5e\x0e\x9b\xc3\xcb\x64\x73\x7f\xff"
	"\xfc\xba\x3b\x3c\xee\xbe\x0c\x16\x04\x1d\x1a\x12\xc7\xbc\x2e\x95"
	"\x39\xe4\xe3\x6c\x96\x4c\xa8\x01\x18\xb7\xd0\x2b\x49\xf0\xd0\xf5"
	"\x99\xf5\xb8\x5e\x3c\x19\x67\xc0\x53\x2b\x92\x2b\x2f\x38\x92\x89"
	"\x56\x55\x14\x24\x1a\x50\xf2\x89\x6e\xd4\x19\xa8\x9c\xad\x83\xc7"
	"\x26\x63\x22\xe8\x4e\x03\xc0\xda\xd3\xc6\xb8\xbb\x66\xbd\x75\x22"
	"\xae\x27\x72\x7c\xec\x15\xc8\xaa\xa2\x52\x0d\x80\xed\xdd\x81\x4f"
	"\x50\x72\x70\xc4\xbe\x49\x4a\x83\x7c\xb4\xbd\x28\x1d\x36\xe1\x2a"
	"\x1a\xa7\x09\x09\xc2\xc2\xf2\xbc\x67\x26\x0b\x62\x0c\x10\x3a\x8f"
	"\x23\xad\xa7\x5d\x8d\x0b\x56\x65\x79\x16\x5b\x52\x65\x61\xfe\x18"
	"\xb7\xe8\xdd\xed\x9b\x73\x8e\x14\xd2\xd6\x46\x3e\x9b\xda\xed\x78"
	"\xf2\x60\xa8\x5a\xf0\xde\xbc\xae\x04\x98\x78\x8b\x46\x92\x94\x0e"
	"\x68\xcc\xce\x87\xb7\xcd\x1c\xb9\xbe\x73\xdd\x4e\xa7\x84\x89\x89"
	"\xbc\xff\x63\x0b\x56\xc6\x7e\x72\x78\xdd\x6d\x7e\x07\x73\xc3\xf0"
	"\x6f\x3b\x00\x05\x7d\x5a\x2b\x96\xc3\x85\xce\xd3\x9c\xc1\x38\xe7"
	"\x67\x3e\x7d\x39\xc6\x9b\x5d\xda\xc7\xe4\x41\xb8\x0a\x89\xa5\xa3"
	"\x0d\x55\xd6\x60\xe6\x45\x24\x27\x65\xec\x08\xbe\x78\x2e\x78\x5d"
	"\x59\x9c\xa7\x7d\x0f\xcd\x47\xb6\x71\x07\xba\x38\x9e\x0f\x3e\x3b"
	"\x1b\x60\xd4\x06\xc6\x0d\x1a\x4a\xc9\x10\xa6\xc5\x2f\x6a\xe8\x66"
	"\x59\x68\xc4\x8a\x81\xe8\x91\xf6\xda\xa2\x7c\xd1\x4e\xc9\xb3\x22"
	"\x03\x30\xbb\x6f\x59\x97\xb0\xf3\x8d\x17\x12\xa7\x20\x0c\x41\x6d"
	"\xac\x58\x62\x1b\xb7\x20\x02\xfc\xe8\xa6\xb5\x62\x89\x33\xa5\xb6"
	"\x59\xf8\x4d\xf3\x16\x9a\xc2\x7d\xb8\xb3\x37\x0c\x58\x4d\x52\xfb"
	"\x46\x6b\x73\x15\x68\xb7\x90\xd1\xb0\x09\x5d\xb2\x98\x8e\x9a\x01"
	"\xbb\xbd\xec\xc3\x09\xc1\x3d\x4d\xc3\x13\x8a\xaa\xd4\x33\x84\xe3"
	"\xe9\x48\x1e\x2f\x8e\x20\xa3\xb2\xfa\x31\x32\x1a\x2f\xb4\xd7\x83"
	"\x02\x59\x81\x91\xed\x13\xdf\x60\x18\x82\xe2\x8c\x6d\xd3\xbc\x46"
	"\x5e\xb3\xbe\xc1\x26\x34\xdf\xb6\x85\x26\xa0\xc9\xc7\xf9\xb0\x3b"
	"\x76\xdf\x92\xaa\x41\x5f\x73\xf1\xd0\x66\x0d\xf1\x88\xc1\x50\x75"
	"\x69\x6d\xa5\x69\xa3\x85\x74\x7c\x04\x6d\xdf\x22\x33\xe2\xa5\x9e"
	"\x83\x9c\x5d\x11\x61\x77\x62\x45\x05\x77\x8b\x61\x4f\x83\x80\x9e"
	"\x4d\x3e\xa4\x8a\x04\xd2\xbc\x86\x99\x0b\x35\xb0\x87\x81\xfb\xc0"
	"\x6f\x15\x34\x06\xb7\x2b\xf1\xea\x06\xf4\x2f\x6f\x3d\x8b\xc0\x5b"
	"\x00\xfc\xa0\x3d\x05\x61\x71\xa8\xfe\x26\x05\x10\x36\x96\x06\xfa"
	"\x07\x1d\xa9\xa4\x99\xdf\xd9\xa6\x19\x34\x44\xd0\x70\xe6\xb4\xe4"
	"\x77\x05\x71\x1a\xd6\x77\x03\x38\x1f\x7c\x5b\x71\x8d\x38\x6e\x78"
	"\x05\x1a\x91\xdd\x51\xbc\xca\x9a\x01\xb9\x28\x40\xa2\x38\x1a\x7f"
	"\x88\x26\xe1\x0f\xdf\x41\x0d\x6c\x7e\x52\x82\x37\xc2\x4a\xd8\x63"
	"\x39\xb0\xd2\x61\x73\xb5\x00\x74\x3a\x82\xa2\x8a\x69\x85\x36\xac"
	"\x89\x03\x58\xea\xc3\xe6\x7c\xa3\xce\x2c\xf6\x74\x69\x15\xc0\x03"
	"\x0c\x19\xd2\x39\xba\x39\x55\x68\x3b\x37\xad\xad\xe6\x9f\x3c\x1e"
	"\xc2\xd1\x96\xb3\x8f\x1d\x27\x17\xee\x69\xfc\x9e\xa3\x81\xd3\xf9"
	"\xce\x80\x2c\x6f\x0b\x4f\x4b\x33\x18\xa0\x6f\x8f\x24\xcf\x6b\x45"
	"\xf1\x18\x40\x48\x78\x86\x3a\xa2\x46\xe0\xe9\x1e\x63\x19\xb6\x44"
	"\x42\x8d\x67\xeb\x5d\x4b\x38\xd0\x3c\x6d\xd0\xb7\xb6\xc0\x48\x05"
	"\x0d\x39\x4b\xf4\xc2\xf8\xeb\xc1\x27\xdc\x62\x8b\x4a\xc5\x6d\x7c"
	"\xc9\xe6\x25\xa8\x2c\x8b\xa3\xf5\x46\xd8\x0d\xda\x86\xb5\x1b\xe0"
	"\x38\x9b\x91\xd1\x2c\x33\x27\x8c\x40\x98\xc5\xb6\x24\x59\x32\x49"
	"\xbb\x3e\x23\xd1\xa3\xef\x7d\x9a\xf8\x8e\x26\x66\xcd\x4d\xcd\xc4"
	"\x42\x3a\x8a\x2b\x22\x42\x30\x5b\xb4\x43\x13\x4d\x12\x5b\x73\x68"
	"\x36\xc5\xeb\xd0\x1c\x0d\xf8\x5e\x5b\xc7\xb3\xe9\x85\x3d\x9a\xb6"
	"\x09\xda\x80\x62\xb5\xdd\x7f\x7e\xde\x7f\xdd\xec\xee\xb7\x13\xfa"
	"\xd7\x76\x07\x56\x2d\x01\xfb\x36\x46\xbb\x16\x4c\x76\xcb\x62\xf3"
	"\x13\xd7\x12\xdd\x00\x8d\x5a\x85\x15\x73\x9f\x71\x0e\x0a\x57\xf7"
	"\xee\x34\xbb\xb5\x44\x99\xd7\xd1\x51\x35\xf4\x8c\x8c\xad\xad\x4a"
	"\xd7\xcc\xce\xfd\x56\x72\x17\x03\x14\x0b\xbf\x71\x9c\x13\x9f\x33"
	"\x8e\xd4\xdd\xd1\xb8\x1f\x8d\xe0\x24\xc4\x9c\x76\x02\xdb\xed\x04"
	"\x50\x54\xbc\x68\x3e\x36\x02\x14\x3d\x2f\x82\x93\xe8\x11\xd1\xd3"
	"\x05\x89\x9e\x04\xa6\xa5\x8d\x44\xf0\x06\x15\x23\xc3\x9b\xad\x68"
	"\xa1\x15\x65\xb3\x04\x2b\x30\x65\xb1\x76\xa1\xfd\xc1\x13\x2a\x04"
	"\x4d\xb4\xbc\xee\x98\xb0\x37\x03\x52\x96\x3b\x26\x98\x96\x5f\x5a"
	"\xd7\x3a\x67\xbb\x30\x51\x2f\xef\x8a\x7e\xab\x8b\xaa\x81\x55\x51"
	"\x9f\x88\xe9\xc3\x65\xbd\xe7\x86\x0c\xaa\x63\x83\x20\x4f\xe0\x12"
	"\xa2\x12\x8d\xd1\x25\x09\x05\x1b\x69\x0a\xeb\x63\xc8\x30\x75\xe9"
	"\xf6\x18\x70\xfd\x62\x18\x9b\x33\xad\x82\x2a\x2f\x40\x1b\xa5\x7a"
	"\xc1\x19\xe7\x8b\x01\x10\x23\x91\x18\xdf\x66\xf3\x9a\xd7\x9e\x58"
	"\xab\x84\x45\xa3\x7f\xd9\x3a\xf0\x9e\x00\x05\x02\x51\xe4\x80\x5b"
	"\xa1\x46\x61\x52\xf4\xa3\x41\x21\x29\x96\xde\x76\xfa\x73\x8c\x00"
	"\x1d\xdb\xc0\xd3\x60\x72\x82\xce\x41\xe8\x96\x89\x89\x6d\xb7\x9b"
	"\xd1\x10\x5b\xda\x69\xbc\x38\xf7\x2d\x0b\xf0\x86\xe6\x97\x86\x65"
	"\x2b\xb8\x3a\x94\x18\x53\xcb\x27\x50\x70\x58\x5f\xbb\xb6\xa2\xcc"
	"\x54\x92\xda\x8e\xd6\xf6\xdb\xdc\x33\xc9\x70\x29\xe0\x7c\x99\x50"
	"\x66\x6a\x82\x56\x4e\xd7\xf6\xb4\xa5\x12\x75\xac\xb4\x3b\x30\x5c"
	"\x61\x51\x61\x50\xdd\xc4\x11\x03\xb0\x84\xd7\x51\x3e\xdc\xdf\x15"
	"\xd1\x02\x48\x0b\x0c\xb4\x0b\x4d\xcc\xa5\x8b\x59\x7a\x56\x20\x69"
	"\x8c\xe8\x0d\xdc\x18\xc7\x1b\x09\xb5\x9b\x38\x39\x18\x20\x55\x5e"
	"\xcf\x99\x6b\x3a\x5a\xcd\x21\xa6\x07\x0c\xbd\xa3\xc0\xb9\x8a\xc6"
	"\x60\xf4\x3a\xb6\xcf\x08\x64\x5b\x3c\x2e\xb0\x01\x5b\xc6\x1f\x9e"
	"\x1c\xa3\xc2\x01\xd7\x39\x11\x3e\x4b\x7e\x84\x0b\x67\xc2\x1d\xc9"
	"\x91\xb1\x52\xef\x14\xe8\x75\x67\xb1\xb9\x37\xa8\xeb\x7a\x84\x80"
	"\x03\xcc\x4a\x6c\x7a\xd8\x84\x53\x1f\x90\x32\x68\xc1\x5d\x83\x1b"
	"\x4b\xd7\x4a\xdf\xea\x85\x23\xd8\x34\x38\x10\x72\x19\x60\x79\x82"
	"\x2d\x01\xc9\x51\x62\xa8\x0e\x05\x53\x56\xcf\xa9\x87\x3b\xcd\x4d"
	"\x06\x18\x6a\xc3\xe1\xbd\x00\x13\xbe\xdd\x85\x8a\xc6\x28\xc2\x2d"
	"\x4d\xcf\x93\x3a\xa7\xd2\x78\x04\x79\xaa\xed\x25\x8f\x7c\xd0\x20"
	"\xad\x6a\xc0\xac\xf5\x0d\xed\xa4\xd9\x06\x04\x5c\x58\x9f\x9f\xf3"
	"\xf4\xb6\x72\x6b\x21\x22\x36\xca\x6c\x36\x10\xf6\xdd\x84\x33\x7f"
	"\x6c\x4b\x12\x30\xf7\xb4\xf8\xf2\x31\x5e\x8e\xa9\xa8\x08\x8e\x13"
	"\x5c\xa2\xc4\x1a\x9f\xe7\x09\xda\x70\xb2\x86\xed\x2b\x93\x73\xeb"
	"\x7a\x98\xa9\xb4\x70\x12\xb7\xb1\xe5\x9e\xed\xe1\xfc\x4b\x6e\x69"
	"\x95\x34\x0d\xde\x42\x3d\xf3\x65\x9b\xb0\x8a\x2d\x61\xea\xb4\x1d"
	"\x49\x6b\x74\xae\x3d\x01\x92\x77\x49\x28\xb1\x5a\x7b\xd7\x1d\x42"
	"\xee\xcc\x8b\xd0\xa5\xd1\x9a\x41\x81\x8a\x51\x56\x27\x4b\x1e\x85"
	"\x41\xc3\xee\x86\xcd\xbc\xdd\x7d\x20\x81\xb9\xac\x1a\x37\xcc\x18"
	"\xde\x26\xaf\x14\xf3\xe5\x2f\xbf\x6f\x5e\xb6\x0f\x93\x3f\x8d\x1d"
	"\xf9\x6d\xff\xfc\xf9\xf1\xc9\x44\x42\x2d\x89\xc7\x97\xed\x9c\x4e"
	"\xad\x4b\xa3\x19\xb3\x84\x36\x8e\x95\xed\xa4\x1d\x8d\x72\xce\x28"
	"\xde\x3d\xdb\x78\x24\x11\xa6\xbe\x9c\xe8\x4a\x81\x7e\x80\xad\xfa"
	"\xb5\xeb\x20\xd1\x38\xbd\x9e\x0e\xee\x9b\x7d\x94\xed\x06\x98\x30"
	"\x51\xce\x89\xcf\x44\x6b\x71\xea\x12\xe1\xc1\xce\x06\xec\xef\xde"
	"\xea\x1b\xdf\xc8\x52\xc4\xc7\xbc\x98\xeb\xbd\x8d\x30\xd9\xfc\x14"
	"\x18\xef\x83\x18\x98\x57\x47\x1c\x38\xed\x02\x66\x08\x82\x26\x69"
	"\x16\xe8\xa0\x05\x97\x29\x4d\x9c\x35\x07\x53\xc9\xb6\x66\xa2\x36"
	"\xf0\x68\x45\x0b\x64\x2c\x19\x30\xcb\x4d\x4d\xa5\x1a\xc6\xd3\x30"
	"\x92\x10\x49\xff\x7c\x2d\xb8\x3f\x6d\xd6\x21\xc4\xe2\xb6\x52\xee"
	"\x98\xc7\x66\xb0\x40\xca\x20\x88\xc9\x45\xcc\xaa\xcc\x75\xb1\xfb"
	"\x00\x87\xa2\x73\xc1\xd4\xed\xc9\xc9\x61\x66\x3c\x09\xcc\x8d\xf1"
	"\x66\x09\x7e\x70\x41\xdd\x09\xa8\x5a\x44\xbc\x59\x01\x69\x3a\x0a"
	"\x2f\x16\x09\xd8\xdf\xd4\x58\x1f\x22\x38\xf0\x2a\x52\xc1\xed\x40"
	"\xa7\x2b\x1d\xc5\x2d\xf1\x3c\x79\x45\xfc\x7c\x23\xeb\xa8\x00\xeb"
	"\x3b\xca\xdc\x40\xfd\xbf\xc1\x1d\xa7\xb6\xf4\x6d\xaf\x36\xfb\xc3"
	"\x23\x16\xa4\x4c\xd4\xf7\x6f\x5b\xdb\x67\x44\x27\x46\x47\x48\xc0"
	"\x25\xc6\x28\x8d\x73\x5f\x08\x78\xf7\x65\x8f\xe3\x17\x97\x6c\xfd"
	"\x06\x06\x97\xe9\x5b\x34\x0a\x50\x08\x6f\xe1\x28\x22\xd8\x1b\x38"
	"\x05\x89\xfd\x18\x1d\x5c\x26\x5c\xf6\x18\xce\xe1\xc8\x44\xf3\xe1"
	"\xc8\x61\xea\x89\x83\xa7\xb6\xc6\x7d\x3f\x3d\x07\xc9\xc1\x52\x63"
	"\xb2\x59\x5f\x5d\xbe\x31\xdb\x1a\xe8\x61\x3c\xf1\x8d\x71\xf3\xa4"
	"\x78\x83\x90\x9c\xbf\xb5\x31\xa0\xb6\xc4\x9b\xe7\x24\xeb\xb7\xce"
	"\x7a\x41\x44\x41\x4e\xee\x30\x4d\x99\x7f\x7f\x31\xf7\x7f\x79\xf5"
	"\x06\x7d\xeb\xda\x05\x47\xd0\x82\xad\x35\x26\xdc\xfb\x5c\xdc\x60"
	"\x78\x66\x20\x02\x3b\x5b\x16\x14\x68\xce\x8f\x39\x2f\xc6\x75\x1e"
	"\x06\xcb\x3d\xec\x08\x0a\xe3\x26\x60\x5b\x72\xee\x14\x2e\x74\xed"
	"\x09\x78\x94\x38\x41\x5f\xea\xb8\x45\x89\xd3\x9b\x71\x04\xd9\x34"
	"\x5a\x11\x19\xd3\x8c\xc3\x9c\xa8\xab\x68\x49\x5e\xbf\xbb\xff\xfc"
	"\x9f\x63\x0c\x17\x16\x39\x9c\x8d\x65\x9f\xf6\xc0\xc5\x6d\xe4\x8a"
	"\xd3\x0e\x10\xa5\x37\x3e\x4d\x2f\xcb\x99\x15\x01\x2d\x59\xa9\x0f"
	"\x42\x56\xe0\x3c\xa0\xa2\xb4\x75\x89\xeb\x22\x10\x05\x66\x6e\xdc"
	"\x88\x62\x65\x87\x4c\x31\xc8\xa7\x3b\x83\x64\xe1\xab\xd2\x76\xc0"
	"\x4c\xc9\x55\x00\x68\x8e\xcc\x0f\x03\x8b\x5a\x70\x06\xd6\x23\x01"
	"\x8f\x88\x14\x78\x6b\xc6\xc0\x88\x73\x65\x71\xe0\xbb\xf7\x0f\xdb"
	"\xbf\xde\xbf\x3c\x6c\x66\x17\xc7\x2d\xec\xf3\x30\x46\x36\x3e\x6d"
	"\x0e\x18\x60\x83\xed\x78\xda\xde\xb7\x55\x7b\xae\x35\x68\x8c\x55"
	"\x19\x36\x17\xe1\xea\xac\x59\x18\x4c\xf2\x8a\x05\x9c\x3d\x0d\x8f"
	"\xe2\xe2\xec\xea\xfc\xc3\x49\x04\xf0\x86\x85\x1b\xb6\x1b\xa0\x50"
	"\x01\x47\x76\x02\x2e\xe2\x42\xaa\x28\x64\xe5\xd1\xf5\x6d\xc9\xe5"
	"\xc8\x68\xce\xc9\x2d\x18\x3b\x31\xa9\x4e\xcc\x3e\x9f\xcf\x16\x61"
	"\x68\xc6\xe4\x89\x9d\x29\x68\xc2\x88\xa2\x8b\x53\x18\x92\x9f\x58"
	"\x56\xb1\x04\x85\x17\x06\xdf\xc4\x81\x78\x9f\x86\x0a\x4a\xf2\x93"
	"\x83\xc3\x8e\x2f\xb0\x9a\xe5\xc4\xc9\x53\xa2\x54\x4e\x4f\x8d\x51"
	"\x52\x49\x4e\xf1\x8e\xc2\x3a\x9b\xf5\x6c\x1a\x46\x41\x03\x88\x9c"
	"\xa0\x50\x89\xe4\x44\xe7\xac\x2e\x93\x80\x11\x63\x23\x9c\x85\x31"
	"\x40\x1e\x54\x58\xa7\x13\xc6\x58\xd2\x75\xd8\x98\x35\x18\x75\x1e"
	"\x93\x13\x07\xb9\x46\x27\x22\x0c\xbe\x3b\xe1\xac\xdd\xdd\x96\x37"
	"\x45\x35\x32\x7a\xe4\xe6\xeb\xcb\xeb\xee\xcb\x84\xfe\xf3\x7d\xf7"
	"\xec\xa4\xd9\x25\x8f\x5b\x86\xff\x74\x15\xd8\x77\x8d\x52\xd4\x39"
	"\x88\x37\xf1\xe9\xea\x6c\xea\x8b\x04\x5b\x54\xce\xa6\x8e\xb2\x73"
	"\x20\x0d\x5d\xaa\xe9\xe9\x7b\xf7\xc9\x23\xe5\x4c\x2c\x19\x9c\x2f"
	"\xc1\xf9\xb1\x4c\x27\x7a\xc5\x1a\x9d\x6f\xdf\x9e\xf7\x07\xcb\x88"
	"\xb3\xb5\x1e\x66\x28\x4c\x99\x93\xf4\x36\x76\xce\x9a\x0b\x1c\x65"
	"\x4f\xa0\x91\xa2\x80\x8f\x6a\x97\x0c\x25\xae\x5a\xc1\xa6\x86\xc6"
	"\xc2\x2f\x99\xda\x0e\x60\xc3\xff\x46\xbd\x65\x2d\x1a\x41\x56\xc5"
	"\x90\x24\xb6\x05\xcb\xb4\x2c\x84\x51\xc0\xff\x08\xab\xf8\x0a\x24"
	"\x17\x78\xa7\xe1\x89\x1d\xd1\x50\x9b\xfd\x10\x72\x9f\xcd\x0c\x4c"
	"\xab\xa9\x0a\x3a\xda\x9e\xa4\x0a\xef\x4e\x53\xa9\x22\x90\x67\xd2"
	"\xc1\x17\x6f\xc9\x2e\x42\x0b\xc9\x46\x0d\x6e\x51\x9c\x3d\xce\x78"
	"\x2f\x1d\x28\x0a\xc2\x1c\x99\x56\x17\x65\x8c\x0a\x3e\x1d\x5c\xa9"
	"\xea\x28\x08\x64\x7c\x19\x84\x55\x82\x85\x61\x44\x32\xbf\x0c\xcb"
	"\xb8\xc2\x90\x2c\x62\x8d\x6e\x78\xb2\x7d\x79\xfc\xb2\x5b\x6d\xf6"
	"\xdb\x09\x82\xe3\x67\xf8\x43\x7a\x6e\x07\x1c\xc1\xca\xe5\x62\x68"
	"\xd0\x75\xab\xe3\xb3\x5a\x35\x15\x5c\xfa\xc0\x91\x1c\xb5\xe4\x31"
	"\x75\x8c\xdf\xa6\xa7\xae\x78\x1e\x8c\xd2\x56\x41\x33\xac\x8e\xb8"
	"\x6d\x8c\x01\xda\x4b\x09\x8a\xde\x4a\x09\xc6\x93\xb9\x44\x42\x04"
	"\xb7\x27\xa8\x44\x75\xcf\x05\x13\xae\xe6\x37\x76\x0d\xec\xc8\x1f"
	"\xcf\x2f\x87\xc9\xfd\xf3\xee\xb0\x7f\x7e\xc2\x9a\xa3\x87\xfd\xe3"
	"\x5f\xc6\xe2\x75\xc9\xc3\x4e\x74\x72\x21\x38\x87\xb0\x80\x3e\x92"
	"\x68\x35\x09\xdc\x93\xe2\xc7\x10\x69\x4c\x0a\xef\xc4\xe9\xee\xe1"
	"\xdb\xf3\xe3\xee\x30\x9c\x29\x2d\x13\x9d\x06\xf1\x76\x7a\xf9\xfb"
	"\xf1\x70\xff\xc7\x0f\xac\x57\xae\xb0\x60\x5d\xc5\x99\xa2\x71\x28"
	"\xed\x9a\x6e\x37\x87\xd7\xbd\xf6\x95\x75\x33\xb8\x3e\x93\xed\x7e"
	"\xbf\x39\x6c\x26\x7f\x3f\xef\xff\xdc\xec\x9f\x5f\x77\x0f\x2f\x93"
	"\xbf\x1e\x37\x93\xc3\x1f\xdb\xc9\xe6\xe9\x00\xfd\x36\x07\x18\xef"
	"\x65\xf2\x79\xbf\xf9\xba\x45\xac\xc1\xfb\x0f\x3c\x63\xa2\xea\xa2"
	"\xb9\x3a\xbb\x3c\x9f\x7d\x1a\x3e\xe9\xe8\xa1\x1f\x4f\x42\x2f\xa6"
	"\x97\x61\xe8\xec\xd3\xc5\xc7\xb3\x20\xf4\xfc\x6c\xfa\xf1\x43\x10"
	"\x7a\xf1\xe1\xe3\x89\x71\x2f\xce\x2f\xc2\xd0\xd9\xf4\xec\xe2\xe3"
	"\xec\x2a\x08\x9e\x5d\x5d\x5d\x7d\x3c\x77\xe2\xbd\x64\xc9\x00\xd2"
	"\x61\x9c\x9d\x9d\x7f\xf4\x5b\xc0\x43\xc4\xf3\xd9\x87\x8b\x1f\x42"
	"\xfc\x78\xf1\xe1\xf2\x47\x10\xcf\xa7\xb3\x99\x7f\x68\x34\x1f\x9b"
	"\x94\xe4\x0b\x2e\xac\x95\x4e\xcf\xff\x0d\xf2\xa7\x30\xf2\x4d\x92"
	"\xc2\x61\x4e\x8f\xd8\xd3\xe9\xe5\x07\x8f\xe4\xf1\x11\xa6\xb3\xe9"
	"\xc5\x6c\xb8\xdb\x17\x0b\x9d\x8b\x1b\x98\xf1\x08\x99\x5d\xb6\xa0"
	"\x80\x15\x85\x38\x97\x17\x1e\x1c\x07\x63\x49\xcc\x43\x9e\xf3\x4f"
	"\xe3\x11\x3a\xd8\xc5\xd5\x5b\xdd\xaf\xcf\x3f\xb9\x51\xff\x08\x25"
	"\x69\x09\x8e\x40\x19\x2c\xd6\x2a\xe2\x71\x89\x97\x2c\x7c\x62\xba"
	"\x14\xba\x7a\xee\xba\x4f\x9c\xb4\x0a\x04\x5a\x9d\xa2\xe3\xda\xff"
	"\x8c\x86\x63\x48\x15\xfc\xcf\xbb\x41\x8e\xab\xab\x87\x0d\xa6\xed"
	"\x3a\x04\x0c\x35\x96\x8a\x08\x5f\xd1\x56\x8b\x63\xa7\xfa\x4d\x27"
	"\x1d\xbf\x1b\xd4\x51\x03\xef\xf8\x26\x78\xd7\x9c\x7d\x98\x0e\x50"
	"\xcf\xa7\x7e\x2b\xd6\x50\xf1\x93\xb9\x06\x32\xee\x26\x67\x02\x4b"
	"\xa3\x43\x8e\x7e\x5b\x47\x02\x0c\xa2\x6d\x05\x4f\xfa\xc2\xec\x9d"
	"\xc9\x8c\x0f\x0a\xe1\x5a\x3f\x05\xc3\xa9\x00\x6f\xed\x8c\x20\xb8"
	"\xb7\xeb\x5c\x57\x2b\xa7\x71\x97\x79\x1f\x56\xda\xf5\x69\xa1\x2a"
	"\x2d\xf1\xbd\x18\xb3\x6b\x6f\x56\x83\xe2\x98\x3e\x28\xd5\xaf\x0f"
	"\xf3\x81\x2a\x8f\x52\xe9\xcb\x48\xeb\x64\x61\x55\x00\xd3\x65\x4e"
	"\x05\xe0\x71\xed\x31\x81\x2d\x6c\x4c\xd0\xc4\xc9\xfa\x9d\x9c\x75"
	"\xbf\x64\x30\x2a\x6b\xe2\x83\x0c\xb3\x93\x86\x4e\xa5\xdf\x5f\x28"
	"\x1f\x25\xba\x56\x82\xda\xb1\xee\x1e\xb4\x84\x7f\x8a\x63\xed\xed"
	"\x09\x8c\xf1\xa0\x83\x7c\x42\xc9\x75\xa4\xc5\x99\x5f\x3b\x35\x86"
	"\x11\xd0\x61\xf8\x4f\x93\x69\x7b\x98\x77\x50\x58\xc5\xe7\xbb\xee"
	"\x55\xce\x14\x18\xc5\x26\xca\x87\x17\xf9\xc2\x49\x20\xc6\xee\x93"
	"\x14\xcf\x2b\x95\x13\xcf\x28\x17\xb2\x18\x07\xe7\xf4\x8e\x14\x98"
	"\x24\x87\x3e\xd7\x17\xd3\x4f\x97\x7e\xfe\x6f\x97\x97\x12\x96\xd7"
	"\xc2\x11\x0d\x2e\x24\x90\xcf\x19\x27\xa5\xc3\x0e\x2d\xb2\x9c\x04"
	"\x23\xa9\xd2\x15\xd0\xde\xec\x2b\x05\x27\x04\x59\xce\x79\xf3\x24"
	"\x38\xf4\x0b\xf4\x28\xdc\xda\xdd\x82\x04\xdd\xab\x23\xcc\xbe\x0a"
	"\xd8\x08\xd3\x27\xf2\xfa\xa3\xf5\x1c\xb1\xe2\xdc\x1f\xb4\xbe\x8b"
	"\x6a\x5f\x36\xe6\x4e\x16\x03\xe1\xd1\xbd\xee\x2b\x74\xa5\xb7\x63"
	"\x1f\x77\xc8\xfa\x51\xa2\x87\x58\x97\x75\xd4\xcf\x06\xc1\xd4\x06"
	"\xae\x77\x38\xb7\x72\x56\x6c\xea\x7e\xb0\x70\xbd\x2b\x42\xf0\x90"
	"\x4c\x05\x3e\xfc\x5b\x8e\xaa\x37\x4c\xfd\xa4\x9e\x88\x4f\x3b\xb2"
	"\x32\xc6\xad\xc1\x55\xac\x59\x51\x0f\x0a\xd7\x3b\x7e\x63\x02\x05"
	"\x01\xfc\x93\x13\x56\x34\x3a\x95\xaa\xd5\x6d\xc3\xcb\xfc\xd6\x4e"
	"\x84\x62\x01\x3e\x35\xc5\xae\x1a\xab\xed\x62\x3f\x07\xc6\xf4\x3e"
	"\x25\x09\x11\xa0\x37\x92\xd1\x03\xc1\x9c\xe8\x72\x38\x26\xd4\x2d"
	"\xbe\x51\x48\x9d\x2a\x7d\xb2\x6e\x21\x58\x21\x25\xb3\xd6\x62\x38"
	"\xfb\x70\xd9\x3f\xa7\x15\x91\xfd\xaa\xaa\x7b\x99\x32\x9a\xc6\xe2"
	"\x8e\x0a\x9e\x0c\x9e\x05\xc0\x25\xb7\x1f\x6a\xf4\x6d\xd8\x9f\x0b"
	"\xf7\x49\xd5\xd2\xa4\x40\xe1\xd6\x98\x27\x6b\x18\x0f\xbc\xbe\x9c"
	"\x5a\x2c\xad\xaf\x68\xbb\xcc\x8b\x85\xb7\x00\xd0\x14\xfa\x38\xc7"
	"\x45\x04\xc1\x9a\x12\xbf\x9e\x6e\x81\x3f\xf4\x70\x67\x41\xd7\xd4"
	"\xef\x12\xc5\x82\xc0\xe6\x61\x5d\x95\x17\xbc\xa6\x3e\x63\xc6\x64"
	"\x9e\xf1\x08\xd0\xbc\x80\xdd\x80\x93\xe9\x5f\x4e\xd7\x25\x9e\x6b"
	"\x5b\x21\x40\x54\x43\xf3\xa9\xfb\xf8\x8e\x96\x4d\x04\x82\x44\x3f"
	"\x6c\xa5\x09\x73\xcb\x8f\x8c\x8d\x25\x65\x64\xbf\xa9\x60\x8a\xcd"
	"\xf1\x25\x31\xd6\xb2\x80\x5a\xe8\xba\xb7\x1e\xa9\xd3\x79\x79\x65"
	"\x95\xa2\xdb\x2f\x7b\xab\x36\x10\xe6\x48\xd9\xb8\x9a\x7d\x68\xda"
	"\xb2\x57\x1f\x5c\x52\x05\x26\x9d\x03\x19\x18\x8c\xe0\x84\x29\x15"
	"\x89\x29\xfa\xc0\x23\x27\x0c\x50\xfe\xba\xfa\x75\x36\xd9\xec\xef"
	"\xff\x78\x3c\x6c\xef\xc1\x15\xdb\x3c\x4d\x3e\xf7\x3e\xd9\x80\x18"
	"\x68\x78\x92\x26\x51\x11\xb4\x3d\x61\x90\xe1\x56\xe5\x70\x61\x4d"
	"\xf6\xc2\x63\x30\x2f\x33\xea\xe7\x35\x6f\x67\x6b\xce\x67\xe1\x39"
	"\x3b\x03\xd4\x84\x8f\x47\xad\x0a\x1a\x5e\x42\x57\x37\xa0\x6d\x08"
	"\x73\xc7\x87\x4b\x6a\x51\xaa\xdc\xb6\x72\x04\xc5\x2a\x3c\xe5\xaa"
	"\xfc\x63\x7d\x92\x2e\xbc\xf0\xb5\x77\xa5\x26\x74\x8e\xe9\x61\xbb"
	"\xb6\x24\x7a\x86\xe9\x3d\x7f\xc3\x54\x89\xb5\xac\x36\x79\xe7\xbc"
	"\x47\xa6\xa9\x3f\x6c\x61\x9e\x6f\x99\x39\x83\xa4\x04\x4e\xc1\x7c"
	"\x96\x8a\x1a\x56\x0c\x14\xe3\x31\x2f\x84\xcf\xc0\x1c\x27\xa0\xf6"
	"\x97\x2d\xd5\x59\x93\x2f\x0a\x52\xab\x53\x60\x93\x1b\xf4\xbf\xb7"
	"\x58\x54\x4d\x9c\x56\xa7\x60\xcd\x6f\xbc\x1a\x87\x9b\xeb\x97\xed"
	"\xfe\xe5\xdb\xe6\x7e\x3b\xf9\xfd\x71\xb7\xd9\x7f\x9f\xe8\xaa\xed"
	"\x83\xb5\x43\x58\x05\x53\xe0\xb5\x4e\x47\x55\x51\x3e\x10\x7c\xb4"
	"\xd5\xf5\x56\x25\x35\xa6\x8b\xb1\x66\xb3\xb3\x5e\xb0\xd6\x2c\x03"
	"\x4d\x40\x85\x4f\x31\xb5\x64\x65\x2c\x58\xa5\x46\xf6\x18\xe1\x75"
	"\xe0\x3d\xa2\xe9\x56\x30\xe9\xab\x13\xc7\x49\xb8\xf5\xa4\xc7\x6c"
	"\xac\x09\xc5\x3c\xff\xbd\xdd\x4f\xbe\x6e\x76\x9b\x2f\xdb\xaf\xdb"
	"\x9d\x87\x55\xda\xe2\x30\x4b\x5a\x98\x06\x2b\x35\x67\x65\xa5\x0d"
	"\x48\x2e\x18\x98\x43\xb7\xa5\x5f\x1a\x67\x2c\x02\xb1\x19\x2a\xb6"
	"\xae\x40\x23\xe7\x94\x5a\x33\xee\x5a\xdc\x5f\x31\x80\x56\x0c\x7d"
	"\x8e\x71\x57\x64\x41\xf5\xe3\x5d\x7f\x6b\xab\x80\x2d\xbd\xe5\x40"
	"\xe7\xde\x27\xef\x85\x43\x6b\x54\x5c\x8f\x73\x69\x4b\x32\x4e\x05"
	"\x6f\x0b\xfd\xd6\xbf\xdb\xa5\x13\x6b\x1f\x8f\x90\xe8\x49\xaa\x38"
	"\x4b\xf8\xdc\xdf\x11\xd8\xdc\x99\xa4\x53\xb7\x0c\xdf\xc7\xba\xaf"
	"\x63\xbe\xe1\x48\x7c\x75\xd3\x86\xd6\xfb\x7a\xbe\x70\xfd\xdc\x98"
	"\x94\xe7\xbc\x86\x18\x3c\x75\x5e\xd2\x39\x1b\xda\x66\x1e\x8f\x3c"
	"\x81\x4f\x6a\x24\xf3\xb8\x9c\x2d\x73\x59\xe0\xee\x39\x71\xcb\xc6"
	"\xc5\x91\x8d\xbb\x40\x20\xc2\xd8\xc3\xd3\xd6\x92\x7c\x30\x7a\xfb"
	"\xa6\x79\xd0\x62\x1e\x0f\x55\xf8\x26\x5d\xb0\xa5\x79\x52\xe1\x84"
	"\x3e\x34\xd2\x9c\x2f\x41\x9c\x27\x83\x24\x9d\x0f\xab\xa0\xa5\x15"
	"\x62\x4e\x94\x81\xe8\x1f\xed\xb0\xd5\xd0\x71\x8e\x93\x64\x1c\x00"
	"\x05\x38\x12\x65\x83\x5f\x47\x70\xc3\x76\x26\xae\xdd\xa2\x8d\xb2"
	"\xc2\xf8\x2a\x57\xf6\x33\x03\x0b\x0a\x96\x98\x8c\x24\x22\xce\x22"
	"\xdd\x6f\xff\xf3\xba\xdd\xdd\x7f\x9f\xbc\xdc\x6f\x9e\x9c\x77\xd8"
	"\xd8\x1f\x2e\xfc\x8d\xbb\x6d\xd8\xa2\xd7\x4a\x94\x12\x8d\xfb\x0a"
	"\xb2\x03\xe3\x82\x3d\xcd\x68\xd0\x8d\x76\x58\x43\x3a\x69\x89\x74"
	"\x03\x49\x9c\x37\x3a\x9d\xcc\x26\x79\xbb\x60\xf5\xbd\x7e\xf9\xf8"
	"\xe3\x5d\x38\xe8\x41\x98\x58\xf2\xe3\x3d\x00\x06\xc3\x2c\xf5\xab"
	"\xad\x00\xf3\x8c\xfa\xe8\x60\x0f\xbe\x0d\x0e\x6c\x7c\xe8\xcd\x9e"
	"\x83\xf3\x63\xfb\xf1\x2f\xf6\xe1\xc7\xd7\xff\x6f\xd6\x1d\x58\x2f"
	"\xc2\x96\x44\x74\x6f\x40\x8f\xdc\xfa\x79\xc8\xad\xbe\x0c\x02\x20"
	"\x9a\x3d\x55\xa1\x60\xaa\x8e\x68\xe6\x0c\x0b\x03\x3a\xec\x20\xea"
	"\x82\x89\xc5\x8a\xf3\xc4\x87\x68\xa1\xb5\x37\x92\xc4\x85\x6b\xf4"
	"\x75\x80\x3a\x75\x8c\xa3\x1b\x2e\xd8\x8d\x8f\xa4\xd1\xd0\xbf\xe0"
	"\xaf\x23\x6c\xd1\x90\x7b\x39\x4c\xe4\xf3\xd3\x6b\xa7\xa0\x7b\xcb"
	"\xad\xcd\x6c\x69\xd9\x82\x15\x6a\x68\x3e\xfa\x0a\xbe\x1c\xbc\x8c"
	"\xa4\x4e\x2a\x77\x0c\x6d\x94\x3f\x79\xe8\x62\xea\x1f\x08\x8a\x33"
	"\x52\xce\xbd\x32\xb1\xa4\xca\x7d\x01\x0c\xee\x9b\x70\x9c\x6d\x6c"
	"\xa4\x5d\x9b\x5e\x57\xb9\x3d\x60\x46\x06\xcf\x74\x64\x8f\x00\x77"
	"\x2e\xa8\x9b\x0b\xd4\x2d\xb0\x6e\xe2\x53\x8d\x58\xb9\xe7\x54\x4b"
	"\xad\x81\xc9\x9c\x85\xeb\xb6\x61\xef\x3e\x1a\x94\xfb\x8c\xb5\x75"
	"\x2a\x2c\x15\x86\x5f\xfa\x07\xa9\x06\x4d\xc3\x97\xa8\xba\x51\xff"
	"\xf2\x54\x1a\xba\x63\x1a\x45\xd6\x11\x3e\x7b\x62\xf1\x6d\x18\xc7"
	"\x44\xd3\x68\x60\x6e\x5a\xec\x82\xe3\x68\x5c\x1e\x67\xf8\xaa\xf5"
	"\xc0\xad\xdd\x5f\x50\xe7\x97\xab\xda\xa6\x13\x43\x30\xe7\x54\xc1"
	"\xd8\xd3\xba\xd3\xfd\x29\x13\x68\x3d\x1a\x45\x02\xac\xd7\x41\x89"
	"\x1b\xbe\xf6\x89\xb0\x76\x9a\x86\x43\x35\x55\xaf\x93\xb5\x4b\x24"
	"\x07\x14\x34\xd9\x16\x87\x04\x9c\x88\x23\x1a\xa8\xf4\x88\x4b\xea"
	"\x1f\xa7\x2a\x2b\x67\xe6\xf0\xdd\x24\x59\x3c\x6e\xc4\xb8\xe8\xb8"
	"\x55\x10\x51\x0d\x77\x90\x55\x81\x5a\x24\x03\x9c\xa3\x77\x00\x2e"
	"\xf7\xda\x7f\x67\x90\x32\x48\xbc\x92\xe6\x83\x35\x17\x7a\x35\xfe"
	"\x3a\x98\xdb\x12\x84\x2d\x5f\x30\x6f\x5a\xc8\x10\x5d\x2a\x36\x9c"
	"\x68\x9d\x74\x43\x05\xa7\x9b\xf2\xfa\x14\xac\x9f\xac\x3f\x67\x85"
	"\xec\xd2\x90\x2c\xc0\x48\x0d\x95\x6e\x05\x67\xdb\x06\x56\x63\x3a"
	"\x2c\xfb\xff\x2f\x65\xd7\xd6\xdc\xb8\x8d\xac\xff\x8a\x6a\x9e\x92"
	"\xaa\x3d\x27\x96\x64\xcb\xf2\x56\xcd\x03\x08\x82\x22\x62\xde\x4c"
	"\x90\x92\x3c\x2f\x2c\x67\x46\x49\x5c\x67\x6e\x65\x7b\x36\xd9\xfd"
	"\xf5\x07\x0d\x90\x22\x00\xa2\x41\x6d\xaa\x92\x58\xe8\xc6\x95\x40"
	"\xa3\xd1\x68\x7c\x6d\x33\xe9\xb9\x8c\xd3\xd5\x84\x9f\x76\xcd\x64"
	"\x39\x8f\xf1\x24\x9f\x92\x6b\xda\x16\x6c\xe3\xdd\x39\x1c\xd3\x8f"
	"\x64\x33\x44\x8c\x35\x58\xed\x20\x75\x9c\x92\x1b\x5a\xf9\x92\xe1"
	"\x23\xf5\xc9\x76\x45\x35\x39\x60\xa2\xef\x5c\x85\x9c\x68\xf0\xd4"
	"\xcc\xb0\x21\x41\x2d\xf2\xcf\x9d\xe9\x4a\xee\x92\x22\xd3\xf1\xe8"
	"\x9c\x4a\x5b\x7f\xfa\x41\x56\x01\x7b\xe3\xfb\x2f\x13\x52\x2a\xff"
	"\x92\xc9\xa3\x48\x3d\x13\x84\xfc\xd3\x2f\x75\xcf\x2c\x8f\x51\x46"
	"\xc2\x2c\x7b\xb6\x43\x7c\xf6\xce\x2c\xc5\x3e\x4c\x07\x87\x2a\x77"
	"\xd3\x9c\x72\x65\xd5\x5c\x43\x8a\x32\xcc\xf1\xc8\x48\x1a\xe6\xe0"
	"\x59\xc6\x8b\x92\xcf\xf4\x27\xa6\xb3\x03\x47\xe3\x5d\x98\x21\x8a"
	"\x7c\xdb\xf5\xd8\x59\x4e\x3c\x5f\xb9\xf4\x27\x1f\xd4\x37\x30\xe7"
	"\xe6\x58\x0d\x91\x59\x02\x9e\xd3\x7a\x36\x4d\xfc\xad\xd5\x34\xf3"
	"\x76\x60\xe0\x70\x8a\x9d\xd0\xcb\x39\x86\x03\x3e\x71\x06\x96\xda"
	"\xf9\xa2\x0e\x79\xe8\xe4\xfb\x77\xbf\x3d\x7f\x7c\x67\x77\x3e\x8f"
	"\x6f\x9c\x47\x45\x67\x19\xbe\xdf\x98\x1b\xc8\x7e\xd3\x6f\x8f\x60"
	"\x28\x4e\x7c\x94\xce\x7e\x91\xa5\x08\x1a\x92\x03\x36\xf8\x2e\x26"
	"\xb1\x2d\x2c\x36\x52\xd6\xba\x29\x1e\x19\xbb\xc1\x84\xac\xc5\xe3"
	"\xea\x0b\xaa\xf6\x9c\x57\x1b\x7b\x5f\x92\x89\x3c\x23\x68\x29\x86"
	"\x24\x76\x5b\xe6\x4f\x9d\x15\xc1\x1b\x9f\x0c\x46\xe8\x20\x82\xa7"
	"\xbd\x1f\xe9\x6a\x94\x7b\x90\x13\xcc\x2e\xa5\xba\xa8\x77\x4f\x33"
	"\x45\xf0\x66\x32\x10\x32\xad\xdb\xd4\x31\x56\x48\x21\x35\x74\xaa"
	"\xee\x54\x9b\xc7\x8a\x39\xe5\xf9\xf6\x7c\x99\x8c\x6d\xc0\x03\x31"
	"\xb0\xcb\xa9\xef\x15\x52\xa3\xa0\xc5\x6d\x04\x2f\xd3\x04\x5e\x47"
	"\x40\xed\xd0\x25\xb0\xdd\xa6\xcb\x0e\x01\x3d\x62\x64\x4b\x73\x42"
	"\x31\x75\x02\x03\x41\xc8\xab\x86\x5a\x33\x58\x25\x98\x96\xb7\xc0"
	"\x3a\x1d\x78\xdf\xbf\xfb\x74\xfa\xfd\xe9\xc7\xe7\xb7\x77\x6e\x39"
	"\x3d\x10\xd1\xa5\x45\xf5\x8f\x3d\xce\xa5\x39\xfe\xc0\x70\x6d\x55"
	"\xc0\x1f\xb2\x43\x36\xfa\x68\x9f\x00\xf6\xf1\x9c\xd4\xf7\xae\x2a"
	"\x56\x35\x15\x3c\xce\x16\x82\x27\x8f\xd8\x08\xa9\xfc\x55\xfa\xa8"
	"\x4d\x28\x0d\xc9\x2b\xff\xfd\xa8\x64\x75\xdf\xd3\x9f\x93\xcc\x6d"
	"\x5f\x9f\x24\xc1\x1d\x53\x1e\xbb\x7e\x7f\x06\xdf\x38\x0c\x18\x79"
	"\xcc\xef\x3b\xc4\xf5\x24\xf8\x88\xbc\x70\xbb\x66\x13\x31\xe4\xbc"
	"\x29\xa3\x03\x33\x3a\x65\xd0\x8e\x9a\x03\x19\x40\x6e\x8a\x42\xdd"
	"\x1a\x5b\xa9\x0a\x2d\x6e\x02\x80\xd8\x13\x64\x51\x31\xdb\xfb\x9a"
	"\x63\x14\xd7\xf5\xdf\xcb\x47\xf2\x7d\x4d\x93\x0e\x17\x88\x62\xae"
	"\x7c\xb8\xba\x35\x6f\xf1\x2d\xe2\x14\x2a\xc6\x22\xc3\x54\xc0\x2e"
	"\x08\x26\x8c\x6a\xce\xcc\xb5\x46\xad\x43\xa7\x35\x0d\xb4\xb1\x29"
	"\xa5\xf6\x61\x1e\x8c\x4c\xca\xce\xf4\xb7\x31\x09\x82\x36\x48\x16"
	"\xa9\xd8\x66\xbc\x61\x48\xbf\x09\x98\x98\x08\x42\x4c\xdc\x32\xcf"
	"\x94\x74\xbd\x5a\x23\x24\x5e\x53\x84\xe2\x81\xe3\xb4\xe8\x72\x9a"
	"\x44\xbc\x14\x0e\x84\x99\x3d\x11\x8a\xf9\x91\xad\x2a\xb4\xd9\x82"
	"\xd8\x7e\x6c\x36\x91\xcf\x16\xdd\x58\x23\xa2\x96\x47\x52\xd6\xf0"
	"\xe8\xdf\x1d\x7b\xdf\x22\x35\x09\xe1\x19\x35\x59\x84\xbb\xac\x65"
	"\x9d\x7f\x45\x27\x5d\x41\xec\x11\x95\xbf\x95\x55\x9a\xc5\x93\x64"
	"\x64\x7e\x8d\x24\xdf\x6c\x19\xa9\x93\x59\x06\x24\xcf\x14\x82\xe4"
	"\xc4\xc3\xaa\xe7\x86\x39\x22\x90\x8a\x0e\x3c\x10\x1b\x5f\x39\x70"
	"\xe1\x0f\x0e\x24\x4e\x61\x7a\xf3\x0d\x8a\xbd\xe3\x79\x83\x56\x62"
	"\xf9\xf8\xa6\x60\x27\x17\x1f\xbf\x7d\xf9\xed\xf9\xeb\xe9\xd3\xa2"
	"\x87\xbd\xf6\x89\xe4\x63\xe3\x8a\x28\x93\x04\x93\xa4\x27\x5b\x25"
	"\xbf\x3d\xbd\xfc\x71\x7a\xb3\xcc\x89\x56\xbe\x06\xae\xae\x1b\x8d"
	"\x89\x3c\x33\x19\x46\x6e\x85\x36\x28\xda\x7c\xa6\xab\x67\xf6\x7e"
	"\xc7\x43\x9a\x3e\x70\x8d\x3d\x98\xe1\x1a\xc5\x71\x88\xb1\xf1\xef"
	"\x50\x23\x47\x2c\x68\x75\x71\x97\xd3\xec\x72\x56\x68\xdc\x85\x43"
	"\x03\x77\x36\x0a\x53\x6d\xae\xb1\x99\x57\x6b\xf1\x72\x5a\x1b\xa6"
	"\x87\x21\x30\x76\xf6\x52\xf6\xe4\x2d\x00\x6a\xaf\x9a\xe1\x49\x66"
	"\x9b\x50\x24\xc3\xbe\x1f\xec\x74\x51\x2a\xb9\x77\xf1\xc8\x83\x35"
	"\xd3\x8f\xb6\xee\xe5\xf6\xad\x62\x0f\x9f\x2c\xf3\xc2\x12\x01\x43"
	"\xeb\x38\x33\xcd\x1d\xf4\x43\x1f\xcb\x45\xf3\x5b\xaa\xa9\xb9\x8d"
	"\xc5\x8a\x70\xc9\x73\x0f\x00\x96\x4c\x9d\x24\x06\x11\xf1\xe5\xe9"
	"\xed\xe3\x9f\x27\x5c\x44\xe4\x70\x2f\xad\x3c\x32\xe1\x3c\x33\x37"
	"\x14\x9a\x5b\x83\x3a\x86\xca\x9b\xa2\xc6\x06\xb9\xb3\x56\x34\xd8"
	"\xfd\xc3\x84\x59\x2a\x82\x96\x43\xae\x97\xa7\x28\xa2\xc7\x86\x89"
	"\x59\x2e\x07\x91\x0b\xe3\x52\x5e\x07\x73\x5c\x81\xcf\x3a\x32\x0d"
	"\xda\x6d\x70\x3c\xaa\xf6\xd2\xa1\x83\xdd\xf6\x62\x5e\xb6\xff\xaf"
	"\x3e\x8b\x2b\x42\x71\x4e\x46\x8b\x99\x2e\x31\x71\x61\x51\x80\x92"
	"\x34\x3f\xdc\x6e\xb8\x0b\x1f\x4b\x36\xd3\xa4\xa9\xfd\x39\xc4\x5b"
	"\xc3\x15\xd9\x4c\x89\xd9\xaa\xb9\xb0\x3c\x37\xc4\x87\x8f\x65\x76"
	"\x10\xe4\x41\x7c\x86\x5e\xcf\xcd\x34\x6d\x5a\x28\xeb\xe6\xd2\x39"
	"\x51\x24\xee\xe1\x2f\xc4\x5d\x8a\xe4\xb2\xf1\x70\x00\x08\x3c\x1c"
	"\xfa\x46\x2d\xcc\x72\xdf\xd8\x36\x19\x0f\xcf\x43\x5b\x9a\xe1\x00"
	"\x30\x8e\xd5\x05\x2c\xee\x2b\x43\x0f\xa3\x67\xcb\x0a\xb2\x33\x92"
	"\xe5\x97\x33\x53\x56\x34\x97\x0d\xaf\xa3\x5a\x7b\x18\xca\xfe\x5e"
	"\x36\xc0\xe2\x06\xac\xf1\x72\x28\xa3\xe6\x0c\x57\xed\xb8\x9f\x7b"
	"\x98\xf4\xfe\x77\x59\xe7\x40\xc3\x0a\xd6\xd8\xae\x57\xce\x35\x9c"
	"\x60\x0d\x76\xdd\xb8\x17\x93\xad\x94\x57\xff\xbc\xc0\xba\x92\x80"
	"\x95\xa9\x26\xca\x54\x76\x8d\x1d\x5f\x5d\x92\x1e\xf7\x21\xdd\x3c"
	"\x6e\xc4\x6d\xa5\x92\x31\xab\x00\x98\x3e\x48\x8d\x9c\x6d\x80\x38"
	"\xa9\xab\x66\xf0\x34\x7c\x9a\xae\xce\x4e\xbe\xc4\x9c\x08\xa9\xc8"
	"\xd5\x24\x66\x7e\xba\xdf\x6a\xa0\x28\x95\xe7\x5c\x65\x1f\xeb\xe5"
	"\x50\xcb\x74\x5e\x9d\x8f\x4c\x56\x7a\xaf\x95\xa4\xfe\x74\xbd\xdd"
	"\x78\x08\x75\xe5\x1a\xcd\x4c\x6a\x63\x22\x5c\x6b\x82\x9f\xfd\xac"
	"\x42\xfe\xea\x28\x90\x16\x59\x3c\x16\x4a\x23\xf4\xdf\x49\xbb\x47"
	"\x67\x2b\xeb\x38\xb2\x08\x83\xab\x89\x3b\xed\x3a\xab\xb6\x4e\x2f"
	"\x8b\x9d\xed\x43\x66\x65\xeb\xb5\x2c\xe4\x5e\xdb\x62\x95\x03\x3c"
	"\xcf\x24\x87\x13\xed\x7a\x4d\x0e\x6e\xeb\xa4\xde\xdb\x02\xb8\x98"
	"\x9b\x2e\x27\xb1\x7f\x0e\x10\xec\x6b\x4a\xc2\xd8\xd7\x7e\x85\xfe"
	"\x6b\xf3\xdf\xae\xd1\x0d\xbe\x46\x37\xc8\x1a\xdd\xf8\xd7\xe8\xc6"
	"\xbf\x08\xc7\xf5\xb6\x99\x58\x33\x27\x89\xfd\x22\xdc\x78\x2c\x18"
	"\xf6\x32\xdc\x78\xc7\x7c\xe3\x2c\x26\xe3\x8b\x6d\xcc\xf5\x84\x7c"
	"\x55\x83\x87\xb5\x7c\x73\x3d\xcf\x06\xa3\x38\xcf\x05\xa7\x93\x79"
	"\xae\x34\x9b\xe7\x81\x9e\x6b\xef\xeb\x79\xde\x3c\xc5\xc7\x68\x22"
	"\x27\xfc\x45\xd4\x4d\xa8\x1a\xaf\xd5\xc0\x66\x99\xce\xdc\xcd\x8c"
	"\x64\xd9\x5c\x2a\x5a\x36\xd6\x5a\xb7\x93\xf5\xba\x73\x4b\x1d\x96"
	"\x1e\x5e\x9c\x16\x55\x48\x6b\xc6\x09\x78\xc1\xa0\x14\x15\xba\xb5"
	"\xa2\x67\x15\xd8\x91\x69\x83\xbc\x04\x88\x91\xdb\x74\x8e\x60\x7d"
	"\x90\xc6\xaf\x42\xb9\xca\xf9\xe8\x83\x5f\xf3\xd8\xfb\x14\x42\xb9"
	"\xee\x2b\x2f\x0c\x41\xdc\xbb\x1e\x99\xe4\x2d\x6c\x9f\x91\xa2\xdb"
	"\x5e\xad\x96\x0f\xc8\xd5\x34\x2d\x10\xdd\x23\xcb\xe8\x0a\x19\x9d"
	"\x23\x86\xd3\x97\xf9\xad\x27\xc7\x95\xff\x91\x7d\x46\x2a\x04\x50"
	"\x24\x2d\xb1\x66\x6d\xb2\xf2\x50\x21\x70\x42\x9c\x31\x06\x7d\xb5"
	"\x51\x02\x8c\x51\x1a\x62\xba\x28\x21\xfd\xf0\xe3\xf4\xe3\xf4\xfc"
	"\xf5\x8f\x5f\x7a\x40\x38\x07\x20\xb5\xe7\xef\x68\xf4\x80\x97\xd6"
	"\xa5\x4d\xe4\x7e\x0a\x95\x9c\x78\x1f\x50\x0c\xe4\xaa\xe6\xa5\x2f"
	"\x9b\x3a\xfe\x3c\xa0\xce\x51\x42\xa9\xd9\x71\x90\x2e\x92\x68\x86"
	"\x1e\x2e\xbf\x61\x0f\x59\x98\x21\x4a\x82\xf4\xdd\x5c\x0b\x63\xe1"
	"\x9a\x2c\x27\x2c\xf2\xff\x2c\x0f\x17\x82\x60\xa6\x9c\x47\xf2\x01"
	"\xc6\x38\xc8\x42\xd3\xf2\x9e\x05\x39\x1e\x66\xc6\x8a\xc2\x7b\xac"
	"\x20\x47\xf2\x70\x11\x53\x90\x9c\xa6\xe1\x01\xaf\x38\x0b\x4c\xb5"
	"\xf1\x6e\x75\x9a\x31\x43\xde\x96\x9c\x07\x79\xfa\x6e\x43\xaf\x90"
	"\xcf\x4f\xaf\xaf\xcf\xbf\x3f\x7f\x9c\xde\xe8\x4a\xad\xce\x71\xc6"
	"\x95\x09\xf0\xd2\xcc\x76\xcc\x19\x08\x0d\xe5\x45\xcc\x8e\x68\x2b"
	"\x80\x47\xf9\x0a\x5c\x07\x59\x92\x03\x32\x02\x40\x74\x8e\x5b\x7d"
	"\xd2\x24\x42\xd2\x84\x21\x38\x4b\x55\xc3\xc4\xbe\x9a\x65\xd8\x84"
	"\x1b\x2e\xa5\x59\xa0\xe9\xda\x6c\xe9\x19\xcf\x89\xc1\xf3\x5c\x1a"
	"\xab\x83\x15\x2a\x75\xc2\x1f\x7c\x46\x39\x4a\xe6\x76\xf4\xca\x31"
	"\xad\xc7\xd6\x5e\xaf\xec\x32\x7b\x22\xcd\xf1\x91\xe8\x59\x94\x01"
	"\x34\x58\xad\xfb\xa5\x0c\x4a\xce\x1a\x32\x57\x01\xe0\xcc\x07\xc6"
	"\x92\x50\xc7\x75\x9c\xc0\xad\x31\x58\x71\xd8\x34\x7d\x47\x6c\x75"
	"\x68\x47\xf4\x15\x73\x84\x54\x00\xe4\x9c\x43\x58\x0f\xb7\x03\x40"
	"\x11\x24\xaf\x32\x5c\xd4\x10\xa5\x95\x37\x41\x7a\x41\xc2\xf4\x8a"
	"\x05\xae\xd4\x74\x23\x78\xe0\x1b\x29\x86\xfb\x68\xb6\x10\xea\xdc"
	"\xc3\x4d\x18\x40\xdf\x08\x32\xc8\xa9\x1b\xae\xa1\x37\x5c\xcf\x35"
	"\x35\x2f\xe3\xf0\x80\x26\xe1\x01\xd7\xbe\x45\xe0\x99\x1e\x5c\x2f"
	"\xbc\x88\x03\xc2\x35\xe1\x89\xb5\x8f\xc7\xd4\xbf\xf9\xc6\x05\x3c"
	"\xa2\x17\x25\x04\xd6\xf5\xeb\x7c\x52\x4b\x24\x0a\x8a\xd9\x0f\xa4"
	"\x5c\xb1\x62\xaf\x81\xab\xfc\x5a\x9e\x3e\x13\x0a\xd4\x0f\x0a\xae"
	"\xd5\xd1\x47\x09\x72\x72\xa2\x39\xbb\x02\x09\x12\x90\x8a\xc0\x06"
	"\xac\x5a\xea\x78\xc1\x58\x1c\xd9\x1a\xb4\x78\xb0\x8a\x85\xb8\x0a"
	"\x2a\x7c\x11\x08\xee\x8b\xf2\x28\x69\xc6\x93\x89\xda\x8c\x51\x58"
	"\x27\x2a\x96\xa6\x79\x8d\x72\xac\x7c\x41\xfb\x94\x8f\x94\xa3\x25"
	"\x4c\x39\xf4\x7d\x72\x6c\xcb\x88\x1a\xc2\x44\x8a\xc7\xce\x8e\x60"
	"\x15\x3d\x58\x36\x7e\x08\x4e\xf5\x2b\xb2\xa0\x54\xe0\xaa\xa6\x66"
	"\x24\xf7\x40\x8d\x9b\xfe\xf0\x19\x04\xf5\xed\x4d\xef\xe6\x73\x96"
	"\xc5\xdb\xe9\xf5\xcd\xa3\xb2\x56\xf7\x0d\x16\xb3\x54\x9d\x13\xea"
	"\xb2\xea\xf2\xb2\xe0\x4d\x89\x55\x39\xe0\x26\x03\x6b\xff\xda\xd7"
	"\x78\x3d\x9c\xcb\x73\x17\xa2\x58\x51\x2f\x8c\x53\x64\x82\x35\x43"
	"\x2c\x28\x16\xdb\x68\xef\x72\x34\x13\xb8\x44\xf3\x8f\x93\xcc\x51"
	"\xb0\x0a\xa3\xa5\x3c\xae\xbc\x75\xca\xf9\x69\x55\x6b\xdb\xa1\x54"
	"\x02\x72\x90\x8b\xe0\x4a\x34\x4b\x90\x40\xda\x51\x63\x20\xa4\xe8"
	"\x37\xf1\x9f\x7f\x9c\xde\xbe\x7d\x7b\xfb\x73\xf1\xe9\xf4\xaf\xe7"
	"\x8f\x27\xdf\xc3\x31\x68\x0f\xe5\x51\xd3\x8a\x08\xed\x09\xd0\x05"
	"\x36\xb4\x9a\xa1\x25\x88\x1d\xa0\xcf\x4f\xf3\xd5\xd5\xfa\x18\xe2"
	"\x48\xc2\x2d\xd8\xa7\x94\x63\xe4\xbc\xde\x67\xfe\x01\x91\xf5\x5e"
	"\xaf\x8f\x47\xeb\xb1\xa8\x3c\xfa\x1f\x6b\xec\x44\x9c\x74\xf7\x14"
	"\x09\xc6\x35\xb3\x24\xe0\x95\x4f\xdd\x5a\xc6\xb9\x03\x87\x70\xed"
	"\xa6\xf7\x20\x4d\x76\x70\x0a\x5c\x4e\x53\xe4\x4e\xcc\xba\xe8\xbe"
	"\xf7\xff\x1d\x17\x46\xa6\xa9\xf0\xcd\xf3\x12\x31\x2b\x9c\xcb\x88"
	"\x01\xaf\x44\x4a\xe4\xba\x3b\x90\xba\x90\xfa\xb5\x08\xf3\x53\x06"
	"\x51\xa5\xfa\x80\x60\x5d\x59\xb4\xbe\x7b\x04\xa3\x74\xed\x1a\xea"
	"\x48\xac\x91\x3c\x09\x34\x3d\x65\x52\x8f\xc2\x20\x86\x49\xcd\x76"
	"\x71\x14\xaa\x8d\xd6\x31\x19\x16\xbc\xb7\xbe\x83\xa3\x54\x8d\x67"
	"\x77\x1e\x29\x8e\x50\xe9\xb2\x7a\xf0\xaa\xe8\xda\x2a\xee\xa1\x45"
	"\x4c\xc0\x7e\x2c\xfb\x40\x02\x8d\x53\x5d\xbf\x2a\xd8\x14\x85\xad"
	"\x65\xbc\xb3\x3f\x70\x99\xea\xc9\x5d\x27\xf7\xdc\x94\xc9\xfa\xb7"
	"\xf5\x46\xbc\x4f\x02\x09\x60\x05\x38\xd6\xc9\xbc\xa8\x10\x4f\xb5"
	"\x9e\x61\x57\x05\x0e\x96\x77\x15\x22\x1a\x39\x72\xd8\x60\x15\x5c"
	"\xad\x22\x67\xf6\xc4\x67\x44\x90\xda\xa4\x68\x0b\x45\x1d\xf7\x84"
	"\xa7\x97\x45\xf2\x7c\xfa\x0c\xd1\x01\xbf\x7c\xf9\xf1\xb5\x3f\x9a"
	"\x2d\x7e\x92\x4c\x3f\xf7\x82\xc9\x84\x61\x60\xb4\xcf\x3e\x3c\xc2"
	"\x14\xac\xab\xd6\x5d\x26\xac\xf7\x5c\x90\x9a\x10\xaa\x20\x4c\x01"
	"\xaa\x08\x6b\x64\x57\x15\x37\xd7\xb7\x38\x75\xe3\xfb\xcc\x50\xb8"
	"\x32\x04\x32\xbb\x19\x3a\x0d\xa0\xe0\x3b\x35\x2b\x6f\x3d\xc4\x56"
	"\x70\xe5\x6b\x6f\x44\x68\x36\xa8\xf0\x81\x6c\x30\x12\x01\x4f\xd5"
	"\x93\x84\xb1\x50\x0f\xd6\xeb\x0e\x93\x8e\x23\x07\x5f\x51\x04\x1d"
	"\x06\x78\xb2\x72\xb7\x73\x50\x92\x67\x74\x7f\x4c\x4d\xf5\x39\xbf"
	"\x0f\xca\xa4\x68\xba\x01\x01\x6c\x38\x9e\xd4\xa5\x9c\x49\x4e\x3c"
	"\x4b\xb5\xdd\xb3\x3d\xe8\x7e\xde\x55\xf6\xa8\xa2\x59\xf5\x1c\x0e"
	"\xee\x1b\xeb\x75\x17\x4b\xeb\x51\x6b\xa8\x87\xdf\x55\x3b\xdd\x88"
	"\x31\x60\x3c\x4b\x26\x79\x44\xce\xb1\x88\x4e\x5f\x4f\x2f\xcf\x1f"
	"\x7b\xc6\x45\xe9\x3e\xbf\x6d\x75\xd8\x49\xd7\x7b\xc2\x4a\xee\xe0"
	"\x31\xe6\xfb\x77\xbf\xbc\xfe\xf6\xfc\xf5\x97\x3f\xbf\xbd\x7d\xff"
	"\xfc\xe3\x8f\x77\xa3\x23\xfd\xbe\xc9\xab\xc4\x09\x7b\xa9\xd3\xe4"
	"\x0c\x69\xbd\x17\xd2\x52\xae\x14\x31\xc9\xca\xc2\x0a\x77\xaa\xeb"
	"\x4c\x78\x9d\xab\xd0\x1c\x0a\xa8\xc6\x78\x37\x7e\x50\x31\x87\xcc"
	"\x56\x9e\x59\x79\xd1\x43\x37\x99\xf0\xc0\x4d\x4d\xce\x1c\xef\xdf"
	"\x7d\xfd\xfe\xe3\x17\x29\x57\xfe\x57\xf6\xe1\x9d\x9f\x07\xa0\xb9"
	"\x64\x2f\x3f\x3f\xff\xf6\xcb\xef\xcf\x2f\x5f\xfe\x7a\x7a\x39\xbd"
	"\x9b\x54\xae\x03\xfb\xb9\xc3\xe5\x25\x03\x6c\x68\x16\x59\x9e\xeb"
	"\x80\xa9\x76\xd0\xd1\x77\x46\x20\x17\x27\x5a\xa8\x46\xab\x40\x6c"
	"\xc5\x8a\x81\xed\x6b\x26\x02\x0c\x0a\x95\x44\x17\x23\x37\x80\xbc"
	"\x44\x90\x02\x14\x1b\x01\x58\x97\x81\x59\x85\x84\x44\x9e\xa2\x8a"
	"\x2e\x7d\x94\x9d\xda\x73\x51\xfa\x1b\x37\x60\x84\xc0\xfb\x7f\x1d"
	"\x2c\x5b\x04\x80\xe3\x54\xc4\xb9\xb6\x29\x55\x95\xd3\x48\x91\x40"
	"\xde\xb7\x99\xfc\x41\x22\x9e\xf1\x86\x9b\xfa\x06\x40\xbc\x5b\xd8"
	"\xe8\x72\x97\xb3\xee\x46\xf5\x6f\x90\x14\x93\x34\x61\x06\x84\xec"
	"\xd3\xf2\xdc\x8c\x4f\x3b\x64\xae\xcd\x60\x22\x39\xd1\xe8\x93\xf1"
	"\x88\xe9\x36\x0e\xba\x24\x26\x0c\x60\xe3\x94\xaf\x9f\x4f\x5e\x40"
	"\x6c\xae\x9c\x8c\x6b\x57\x3d\x33\x51\x60\xc9\xcf\x7f\xfc\xf8\xf6"
	"\xe3\x75\xf1\xe5\xf4\xe5\xdb\xcb\xbf\x17\x72\xca\x3d\x2d\x5e\x9f"
	"\xff\x73\xfa\xa7\x89\xed\x44\xd4\xd6\xdb\xe5\xda\x7f\x6d\x73\x3d"
	"\xa1\x08\x40\x6f\x1b\xbc\xdb\x2c\x9c\xc1\x33\x19\x50\xf4\xe4\xea"
	"\xc2\xa0\x0f\xed\xa2\x78\x71\x01\x93\x77\xef\x57\x50\x85\x10\xa1"
	"\x52\x39\xe4\x6d\xdd\xcf\xaa\x63\x1e\x94\xf2\xcc\x56\xee\x1e\x6d"
	"\x08\x0c\x4a\x2a\x42\x79\xf3\x28\x97\xe3\x51\x19\xdc\xce\x98\xfb"
	"\xe3\xde\x69\xe3\xa8\x50\x0e\xf8\xbd\x55\xde\xa2\xf8\x0e\x92\xe5"
	"\xe6\xef\xbf\x67\x58\x0a\xe4\x0a\x48\x85\xec\xe8\x76\x5c\x44\x92"
	"\xd1\xbf\x29\xa9\x18\xe4\x80\x4d\x0a\xd3\xd1\x6f\x16\xe8\x63\x33"
	"\x74\xfa\x37\x12\xa2\x57\x6e\x33\xb4\x41\x96\x55\xde\x78\x9f\x2f"
	"\x35\xc6\xd4\x2e\x2d\x53\x64\x99\x00\x02\x42\x83\x9c\x9e\x24\x35"
	"\xc9\x00\xde\xc5\x0c\x2c\x2a\x13\x35\x90\xa3\x97\x04\x9e\xa0\x96"
	"\x76\x3f\xa6\xd9\xe1\x0f\x64\xba\xb5\x6a\xe4\x6f\x0b\x57\x40\xfe"
	"\xce\x63\x73\xa9\xc9\x04\xb7\x00\x05\x64\xef\x14\x02\x78\xab\xf5"
	"\x1e\x90\x88\x59\xee\xf4\x54\xca\xb6\xda\x89\xd1\x6e\x82\x0d\xba"
	"\x7e\x6c\x76\xe0\x32\x5f\xc4\xb3\xa2\x95\xfa\x65\x84\xdc\xa2\x0d"
	"\x4c\x80\xfc\x2e\x84\x6c\x4f\xc3\xab\xf5\xea\xe8\x5b\x08\x1f\x6a"
	"\x62\xe8\xbb\xf0\x4b\x47\x3b\x8b\x1c\x5f\x4f\x45\xe9\x41\x4c\x03"
	"\xe0\x98\x8a\x2d\xab\x5b\xab\x10\x94\xd6\x9b\x2b\x6e\x96\xab\xab"
	"\x69\xe3\x63\x42\xef\x36\x57\xc1\xfe\xb5\x39\x72\xf7\x73\x8e\x1d"
	"\x27\x77\x31\xfd\xfc\x2a\x10\x92\x2e\xd3\x91\x9c\x3c\xa9\x0a\xf2"
	"\x55\xc3\x2e\x6f\x3d\x85\x43\x60\xba\x32\x73\x02\x34\x4d\xfb\x51"
	"\x47\x71\x90\xa1\x98\xa1\x8b\xfb\x19\xfa\x71\x1b\xe8\x9d\xf5\x7d"
	"\x8d\xc4\xbe\x5f\xcb\x8d\x8f\xa6\x8e\x50\xdb\xe5\x9d\x61\xc2\xa7"
	"\x71\x5d\xe6\x60\x33\xa2\xf1\x3e\xc6\x6e\x75\xd5\x3c\xef\x18\x02"
	"\x89\x71\xae\x61\xa6\xc3\xb5\x38\x1e\xc3\x23\xb6\xcf\x11\x3d\x59"
	"\x12\xba\x84\xe2\x34\x7d\xd5\xef\x53\x72\xa9\x69\x18\x84\x5f\x4a"
	"\x55\x76\x51\x90\x15\xa1\x47\xb9\xd6\x61\xef\xd7\x86\x08\x7c\x50"
	"\x20\x0a\x06\xd5\x2f\x29\xc7\x32\x20\x80\x0b\xb2\x17\x8f\x5c\x4e"
	"\xed\x34\x6d\xe1\xe5\x53\x6d\x99\x93\x15\x85\xd3\x08\x2b\x68\xbf"
	"\xf2\x74\x0e\x74\x3f\x21\x05\x84\x8d\x96\xac\x4b\xda\x45\xc3\xd6"
	"\x96\x3f\xbf\x7e\xf4\xed\x6d\x82\x15\x52\xc5\x02\x5c\x3b\xb1\xce"
	"\xf6\x57\x2b\x64\x52\xc4\x37\xab\x9b\x63\x17\x57\xa5\xff\xa4\x2c"
	"\x75\xcb\xfc\x11\x24\x29\x72\xbb\x4f\x8a\x06\x8b\xc6\xbe\x83\x50"
	"\x22\xf4\x1a\xf1\xb1\x48\x72\xa5\xbb\xfa\x6f\xff\xa9\xb8\x5b\xaf"
	"\xc4\xf5\xd5\xd2\x8f\x33\x54\xd0\xac\x54\x80\xb3\x20\xcf\x5d\x05"
	"\x71\xb4\x70\x4a\xe5\x2b\xf3\x9f\xef\x49\x15\x8b\xbb\xed\xd5\x8a"
	"\x60\xc0\x24\x22\x5b\xdd\x61\x31\x02\x34\x71\x85\xc4\x1c\xea\x47"
	"\xbd\x91\x4c\x37\x37\x61\x9e\x28\x5d\xde\xde\x86\x59\x54\x43\xef"
	"\xae\xfc\xcb\x2d\xcd\xe9\x66\x7d\xe3\x77\xed\x88\xc5\x72\xb3\x5d"
	"\x21\x63\x0f\xb2\xfb\x56\x4a\x75\x3f\xba\xa6\x54\x54\xb4\xd9\xbf"
	"\x4b\x04\xb9\xbb\xde\x5e\x21\x1e\x1f\x4d\x23\x87\xbe\x63\xb4\x5a"
	"\x87\xb4\x12\x51\x13\x3c\x90\xc8\x10\x0a\xa4\x43\xb4\x8c\x56\x07"
	"\x51\xd2\x48\x40\x16\x36\x93\x49\x40\x51\xb0\xfb\xfd\x50\xe3\x51"
	"\xf5\xce\xbc\xa3\xc0\x5c\xb9\xbb\xba\x5a\x3d\x8c\xc9\xa3\x44\x6e"
	"\x04\x68\x1a\xa7\x9d\xa2\x48\x31\xba\xf2\xcf\xe9\x91\x7e\x13\xa2"
	"\x67\x6c\x47\x10\x00\xa7\x9e\x43\xaa\xc4\x9b\xed\x6d\xb0\x90\xbb"
	"\x35\x3d\x6e\xc2\x0c\xc7\xe3\x75\x90\x83\xc7\x4d\xb7\xbd\x4b\x2b"
	"\x26\xfc\xb3\x8b\x46\xb7\xcb\xab\xc9\x1a\x55\x03\xd2\x9c\xfe\x7e"
	"\x7a\x5d\xf0\xaf\xaf\x6f\x2f\x3f\x00\x56\xf1\x75\xf1\xfa\xa7\x3c"
	"\x72\x7c\x5a\xbc\xbd\x3c\x7d\x7d\x85\x71\x5b\x7c\x7e\xfe\x7a\x5a"
	"\x7c\x92\xa2\xe9\xf9\x3b\xfc\x69\x8e\x63\x03\xf1\x87\x82\xb3\x1e"
	"\x44\x16\x9c\xb0\xe6\x99\x1c\x23\x8e\x06\x4f\x04\x47\xcd\xa7\x45"
	"\x52\xed\xc8\x62\x38\x80\x2f\x3e\x7d\xfb\xeb\xeb\xe7\x6f\x4f\xc3"
	"\x4b\x49\xeb\x10\x00\xfe\x74\x04\x66\x49\x95\x4d\x3d\xb4\xbf\xbe"
	"\x9d\x3e\x2f\x72\x4e\xd5\x11\x42\x5b\x3f\x06\x14\x49\x41\x79\xe2"
	"\x49\xde\x4b\x85\x63\x9a\x3a\x16\x94\x02\x60\x1b\x46\xa4\x4f\x2f"
	"\x9f\x7c\xd5\xa0\xfc\xdf\xbe\xbf\x7c\x93\x92\xff\xf5\xdb\xcb\x42"
	"\x28\x40\xb8\x11\xed\x72\xf1\x13\x2d\x45\xfe\xb3\x61\xdc\x39\xb7"
	"\xef\x5c\x9c\x79\xec\x3e\x3c\xf8\xc5\x31\xa3\x29\x72\x4d\x74\xcc"
	"\x14\xf4\x30\x4a\x24\x49\x3b\xd8\x04\xca\x4a\xa0\x6c\xfe\x90\xc4"
	"\x39\x05\x00\x29\x6a\x6f\xa3\x2a\x09\x13\x17\x22\xcd\xfb\x1c\x86"
	"\x35\x4f\x40\x06\x30\x31\x4a\x5a\x62\x93\x74\xaa\xb8\xb9\xba\xba"
	"\x22\x95\x1b\xd6\x69\x20\x2e\xaf\x30\x11\x7d\xe6\x11\xeb\xe5\x15"
	"\x99\x3e\x94\xb3\x7c\x85\x21\xd0\xd5\xc7\x97\xe7\xef\x6e\x70\x4a"
	"\x15\xec\x52\xdb\x39\xd0\x29\xaf\x2f\x7d\x35\x8f\x96\x69\x38\x9b"
	"\x46\x6c\xcd\x49\x21\x8f\xe8\xb9\xf3\x8c\xc3\x5b\xa0\x14\xf5\x69"
	"\x27\xa2\x58\x1d\xaa\x7d\xb0\xcd\x06\x6f\x41\x4c\xb3\x87\x54\xa6"
	"\x00\x3d\x9e\x96\x95\x75\x06\xef\x62\x6e\x21\x7b\xaa\x88\x1a\x04"
	"\xee\x58\xac\x54\xa9\xaa\x02\xb4\x81\x39\xec\x66\x55\x74\x45\x67"
	"\x9b\x9e\x65\x7c\xa6\xc1\x72\x46\xd8\x67\x3d\x93\x98\x0a\x3e\x5f"
	"\x07\x9c\xd1\xfc\x4c\x3d\xc6\x61\xde\x1d\xf3\xfc\x76\x85\x1c\x85"
	"\xda\x1c\xc2\x4e\x60\xd3\xc4\xc3\x34\x9d\x8c\x16\x15\x9b\x8d\xbd"
	"\x56\x7b\x0f\x11\x72\xf1\x3e\xc9\xbf\x9b\xba\xcc\xba\x5c\xa8\x60"
	"\xb2\xb9\x17\x76\x73\x30\xbe\x47\x3a\x66\xe1\x28\x21\x2a\x5e\x4a"
	"\xbd\x42\x56\xd5\xf8\x03\x01\xd2\x4a\x1d\x4e\xc0\x74\xee\xbc\xc3"
	"\x49\x0f\xf2\xf0\xbd\xc7\x73\x0e\xcb\xb3\x7b\x30\x23\xb3\x9d\x53"
	"\xc1\xfe\xad\x15\xea\xb1\x26\xd6\x48\x25\xa6\x2b\x9b\x4a\xcf\xab"
	"\x11\xed\x3f\x23\x0d\xba\x5e\x95\x2c\x88\x5b\x92\x9d\xcb\xf6\x41"
	"\x5d\x7d\x70\xce\xf4\x2a\x41\x1e\xf3\x20\x2c\x8d\xd0\xf1\x48\xb0"
	"\x6c\xca\x10\xaf\xec\x41\x04\x00\xbb\x94\x51\x06\xac\xd1\x0e\x7a"
	"\xbe\xe6\xa5\xde\xe8\x45\x9a\xc6\x0f\x5c\x83\x7b\xbc\xbf\x19\x63"
	"\x3a\x8c\x24\x15\x73\x4e\x92\x96\x93\x56\x1e\xe2\x3e\x20\x1d\x97"
	"\x47\x11\x79\x90\xe7\x14\x89\x54\xae\xf9\x8b\x33\x7f\x29\x8f\xd2"
	"\x99\x1f\x08\xb1\xf9\xe0\x3c\x48\x53\x09\xca\x65\xc2\x6f\x66\xe8"
	"\xe9\xb2\xfb\xa6\xf5\xee\x3c\x8e\x1a\x15\xb2\x34\xef\x8b\x14\x3e"
	"\x7d\xbc\x82\xc0\x2f\x06\x8e\xd8\x07\x6e\xc3\x2d\x37\x1f\x9a\x96"
	"\xa3\x63\xa6\xe2\x54\x98\xd1\x64\x8c\x7c\x23\x5c\x54\x60\x30\xfa"
	"\x30\x53\x68\x05\x4e\x5c\x0c\x59\xaa\x92\xde\xd6\xb3\x75\x23\x71"
	"\x18\x80\xc9\x47\x7a\xa0\xbd\x71\x02\x46\x1c\xd0\xc5\x67\xc4\xb5"
	"\xce\x85\x23\x88\xcb\x3a\x8b\x43\x22\xd0\x76\xc7\xac\xca\xca\x47"
	"\xf9\x83\xd4\xd3\x59\x78\x0f\x31\x44\x88\x5c\xd7\x45\x09\x97\xdb"
	"\xde\xcb\x7a\x87\x53\xe4\x55\x2f\x1c\x9c\x8b\x4c\xf9\x75\xac\x6d"
	"\x74\x4c\xc6\xb6\x6c\x65\x4f\xe0\x59\xef\x2a\x7f\x3e\xd3\xb6\x52"
	"\x32\x7f\x54\xdb\xa7\x79\xc7\x04\xd1\x59\x5a\xf3\x11\x20\xfc\x3a"
	"\xb7\xdb\x49\x96\x5a\xf4\xad\x3c\x5e\x19\x91\xf2\xd2\xbd\x4d\x91"
	"\xea\x89\x5b\xd6\xe0\x31\x43\xe9\xa4\x9a\x73\x2e\x9b\x96\x72\x4a"
	"\xdb\x0a\x80\x6e\x6b\xe7\xc2\xb0\xd5\xf7\x98\x65\x11\xab\x02\xfc"
	"\xb6\x06\x55\x69\x2e\x4f\x8a\x5b\x9c\x0e\xce\x22\x5d\xc0\x67\x8c"
	"\x27\x60\xfa\xed\x27\x51\x1d\x62\xf1\x7d\x62\x97\x67\x18\x02\xfd"
	"\xb1\xa7\x11\x79\xc1\x93\xab\xf7\x8f\x99\x44\xb1\x05\x22\x88\x56"
	"\xeb\x32\x9e\xc8\xb3\x1a\x98\x83\x85\x37\x32\x9c\x19\x02\xb5\x4d"
	"\xe4\xdc\xaa\xab\x3c\x32\x66\x16\x94\x18\xdb\x81\x8f\x54\x5a\xef"
	"\x0b\xe7\x17\xf5\xaa\x19\x0f\x01\xb4\x7a\xc5\x01\xea\x47\x37\xba"
	"\xff\xa8\x9e\xf5\x5d\x5a\xbc\xfd\xfb\xfb\x69\xf1\x93\x3c\xc0\xfc"
	"\xdf\x3f\x16\x6f\x4f\xdf\x4f\xff\x58\xd0\xf8\x7f\xe4\xb1\xe9\x67"
	"\x23\x14\xc4\x60\xdf\xb3\xba\x4b\xd3\x5a\xa7\xfa\x97\xf2\x40\x2e"
	"\x05\xc2\x70\x2e\xb5\x0e\xe6\x17\xbb\x30\x19\x99\x2a\xaa\xdf\x00"
	"\xbc\xdd\x40\x78\x2a\x9c\xa5\xdf\xc3\x71\x06\x41\xc1\xc9\xd1\x8d"
	"\xe5\x30\x8e\x63\x33\x9c\x04\x6d\x9b\x94\xca\x5a\xf1\xe9\x7c\xb0"
	"\x59\x12\x3a\xc7\xc1\xd5\x7f\x67\x98\x04\x11\x97\xb0\xc8\xe3\x07"
	"\x16\xdd\x5b\xf3\xd4\x55\x70\x02\xcb\xd1\x3a\xa8\xd0\x47\xd6\x43"
	"\x27\x45\xc1\xe0\x38\x35\x55\x6d\x14\xe2\x51\x24\x81\xca\xe9\x71"
	"\x17\xad\x35\x7f\x98\xe9\x7a\x8e\x29\x2a\x8e\xab\x00\x4f\xc4\x56"
	"\x01\x62\x3f\x2b\xd7\x87\xee\x28\xff\x51\x8b\x1a\xaf\x29\xad\x90"
	"\x37\x4c\x8a\x2a\xcb\xb8\x3b\x22\x16\xe4\x81\x21\xf8\x3d\x08\x25"
	"\x75\xa0\x76\x42\x68\xb8\x79\x84\xd3\xdb\x60\x03\x80\xe1\x6e\x86"
	"\xe1\xee\x3a\xc4\x90\xef\x83\x3d\xc8\xf7\x6d\x1e\xf8\x52\x0a\x85"
	"\x4f\xce\x8b\x00\x07\x5c\x2b\xd6\x38\x1d\xc2\xd5\xaf\x90\x8b\x40"
	"\xb6\x23\x4a\x26\x17\xec\x80\xf9\x97\x9e\x79\x02\xc6\xaa\x33\x4f"
	"\xb8\xa7\x55\xb3\x9e\x63\x58\x85\x57\x5f\x2e\xb7\xbf\xea\x81\x63"
	"\x8b\x4f\x6e\x1a\x29\xb5\x44\x30\x6c\x23\x6d\xd1\x2d\xb7\x31\xdf"
	"\xf1\x90\x94\xd3\x59\xdd\xb0\xd4\x3e\x0e\x79\xa8\x80\x78\x0a\x93"
	"\x5d\x08\xaa\x8a\x0f\x54\xae\xf3\x33\x4f\xa0\xa8\xde\x4b\xa2\x66"
	"\xb6\x9f\xce\x99\x4c\xf3\xd8\x77\x7a\x3a\xd3\x95\xa7\x45\xee\x0f"
	"\xba\xa8\x5a\x02\x57\x3c\x96\x36\x6a\xa6\x4a\x05\x61\x07\x2e\x11"
	"\xa5\xf9\x36\xfc\x5c\xb6\x1b\x16\xfb\x4c\x48\x20\x52\x91\x15\x2a"
	"\xc8\xc9\x03\x1c\x38\x51\xe4\xed\xa4\x2f\x69\x25\x15\xf4\x2a\xf0"
	"\xc9\x0b\x44\x5d\xea\xb5\x81\xe3\x7a\x79\xb7\x0c\x2c\xf0\xa4\x6d"
	"\xe0\x00\xab\xa3\xcc\x04\xf6\x90\x2a\xb4\xc1\x14\xf2\xec\x54\x06"
	"\xe9\x04\x35\x0d\xa9\x4e\x34\x2c\x20\x20\xc4\x63\x7e\xb3\xa6\x5b"
	"\x29\x4a\x57\x38\xd3\x83\xfc\x6a\xf2\x8b\x2d\x57\xdb\xab\x10\x13"
	"\x99\x93\xfc\x31\x5d\xdf\xdd\xfc\x1d\x90\x26\xd0\x96\xbb\xdb\x6b"
	"\x9c\xe3\x10\xdf\x2e\xef\x02\xdd\xc1\xcf\x26\x5a\xd3\xca\x67\x44"
	"\x72\x95\x6f\xaf\x90\xdb\x1e\x6b\x87\x95\x6b\x35\xa7\x3c\xb0\xb9"
	"\xc4\x01\xbd\xa7\x14\xb1\xfe\xac\xc4\xef\x32\xaf\xfc\xe5\x2a\x58"
	"\x2d\xbe\xf5\x4e\x1a\xdf\x69\x3d\x8f\x7d\xb7\xff\x39\x72\x81\xaa"
	"\x9c\xfd\x02\x97\xc1\x71\xae\xbc\xd5\x1a\x33\x74\xe3\x48\xb3\x9d"
	"\x85\x10\x05\xd7\xe4\xc0\xee\x45\x54\x35\x89\xfd\x70\x75\x60\xd7"
	"\x61\xd5\x86\xc3\x44\x07\x3f\xfc\x67\x7c\x99\x41\x1d\x62\x9d\x42"
	"\x44\x41\x2a\x91\x96\x68\x9b\x9a\x94\x17\xa0\x79\xef\x39\xdc\x6b"
	"\x62\x3a\x26\x14\xee\x8e\x95\x49\x64\x35\xc1\x48\xf0\x78\x0b\xf1"
	"\x81\x91\x54\x74\x1a\x4a\x1a\x18\x33\xd1\x52\x83\xc1\x24\xd4\xe0"
	"\x39\xfe\x23\x23\x49\x3b\x41\x3a\xe3\x94\x64\xc4\x79\xb1\x34\xd2"
	"\xf6\xac\x87\xb3\x30\x33\xe8\x44\xed\x46\x0d\x88\xe0\x4c\xbd\xa6"
	"\x93\x83\xa9\x5c\xa9\xa4\x8c\x08\x95\x85\x64\x7b\xbf\x9c\x72\x26"
	"\x76\x88\x3e\xf8\xa4\xf8\xd1\x33\x56\xe6\x3e\xed\x31\x22\x30\x0e"
	"\x70\x62\xdf\xb9\x28\x01\x9e\xae\x91\x7d\xe4\xef\xc3\x80\x9f\x3c"
	"\xf0\xc1\x26\x28\x77\xc2\x12\x7c\xe5\xce\x41\xf4\x94\x27\x80\xb5"
	"\x1a\xcf\xd0\x8f\xc8\x35\x73\xd2\x0a\x07\xd3\x5b\x5f\xae\x30\xc6"
	"\x16\xcb\xf5\xdd\xf5\xe2\xa7\xe4\xf9\xe5\x74\x90\xff\xfe\xec\xbb"
	"\x0f\x4c\x78\xcd\xe0\xc9\x82\xbf\xec\x9e\x28\x8f\xdc\xe2\xd1\xff"
	"\x3c\xa7\x77\x6e\x34\x23\x7d\x72\xe7\x81\xa8\x13\x3a\x30\x2a\x8b"
	"\x18\x5d\x31\x70\x51\xef\xbf\xbe\x79\x68\x49\x26\x3f\x36\xfe\xca"
	"\x0b\xf1\xc8\xe0\x81\x07\xe8\x0d\x43\xae\x75\x73\x42\xd1\x97\x83"
	"\xfb\x23\x46\x91\xb9\x04\x43\xc1\xbf\xe1\xc0\x5a\xe2\xae\xd7\x60"
	"\x87\x44\x1b\x0a\xc4\xc1\xee\x9d\xf9\x8d\x5b\xad\x6d\x2b\x94\xaa"
	"\xe3\x5e\x8d\x7e\x2d\x0f\xe9\x9d\x37\x62\xd2\x9e\x29\x88\x35\xe3"
	"\xd9\x89\xe3\xc2\x64\xc6\x5a\x73\xf0\x0f\xf4\x14\x82\x57\x04\xe3"
	"\x6d\xe9\x27\xfb\x86\x2e\x7e\x7e\x7d\x7b\x79\xfe\xed\xc7\xdb\xe9"
	"\xd3\x42\xfc\xf5\xfc\xf6\xf1\xcf\x05\x19\x03\x92\x9a\xef\x92\x86"
	"\x4f\xdc\xa4\xe0\xb6\xec\x3c\x8b\x95\x52\x27\x2e\xeb\x6e\x4d\x4b"
	"\x6b\xeb\xd8\x97\x35\xa6\x9a\x34\x8f\x55\x5a\x7a\x9d\xb1\x8c\xf2"
	"\x48\x4c\xaa\xc6\x16\x12\x7d\x12\xdc\xa1\xd6\x89\xb3\x24\x3c\x05"
	"\xc8\x8d\xc5\x9a\xd7\xac\x59\xae\x97\xc7\x99\x4c\x19\x01\x73\x36"
	"\xa3\xd6\xc0\x8b\x8c\xd3\x12\x83\xf3\x1a\xb3\x36\xcc\x89\x5e\x4b"
	"\x19\xa6\x62\xf6\xb7\xc1\x8d\x98\xeb\x44\x4e\x3e\x98\x7e\x39\x16"
	"\xc9\x12\x43\xf2\xe7\x76\xb9\x5c\xa2\x6e\x57\x15\xcc\x90\xb5\x5f"
	"\x0d\x94\x79\x3b\x79\xb6\x67\x41\x62\xef\xe8\x4f\xe9\x4c\x8b\xa5"
	"\x1c\x28\x1a\x4e\xfc\x6d\xae\xa9\x3f\x1d\x66\x56\x69\x07\xd7\x6d"
	"\x32\xa4\xb1\x4d\xb6\x44\x09\x0c\xa5\x60\xdf\x01\xc7\x12\x18\xda"
	"\xd6\xca\x8d\x9e\x60\x0f\xc5\x49\xcc\x9c\xe8\x77\x52\xc8\x44\xe1"
	"\x21\xd2\x50\xdf\xf6\x72\x89\xae\xaf\x11\x65\x2e\x07\x77\x64\xc4"
	"\x8a\x57\x1c\xfd\x63\x44\xb1\x79\xd7\xf0\x5d\x59\xac\xd1\xc2\x8e"
	"\x98\x3b\x7d\xc3\x72\xf4\x56\x43\x66\x6c\x66\x3b\x4c\x35\x56\x98"
	"\x91\x89\x84\xf3\x50\xb2\xe7\xad\x35\x44\x4d\xda\x16\xf0\x68\x01"
	"\xae\x91\x90\x47\xe1\x26\xcb\x7e\x9e\x25\xda\x1d\x67\x79\x6a\x84"
	"\x27\xe3\x0f\x2d\xc7\x9e\x5f\x0e\x44\xa7\x11\x9e\x5e\xa6\x2c\x13"
	"\xb6\x8a\xdc\x27\x75\xcd\x12\xb1\xbd\xf6\xe4\x75\x98\x7c\x3d\x43"
	"\x9e\x6d\x99\x3c\xed\x59\xed\x42\x65\x59\x5c\xb0\x99\xef\x1f\xb3"
	"\x09\x98\x47\xd3\x66\xbc\x9a\xc9\xe5\x62\xc4\xc7\xd9\x0a\xb1\xc4"
	"\xcb\xcf\xe5\x46\xe9\x9c\x96\x07\x11\xc6\x99\xf5\xea\x34\x62\xab"
	"\xd9\xb6\xb3\x0f\x34\xe5\xd6\x4d\xb9\x4e\xe9\x8a\xca\xbc\x51\xeb"
	"\xd8\x7c\x49\x47\xfb\x62\x4c\xac\x90\xd9\xb3\x3f\xee\x66\xba\x92"
	"\xca\x63\x0d\xec\x49\xd6\x76\x93\xf2\xe3\x4d\x1a\xaf\xba\x1d\x16"
	"\xe0\x04\x72\x49\xc5\x1b\x27\x57\x57\xd7\xe8\xfe\x91\x16\x02\x4b"
	"\x07\x30\xa9\x04\x25\xa2\xd2\x4b\x12\xd7\x33\xdd\xb4\xdf\x92\x57"
	"\x8e\x25\xc4\x93\xa1\x25\x07\xc6\xbd\x5b\x0c\x1c\x0f\x2c\xd3\x39"
	"\xc3\xec\x2a\x40\x08\x50\x10\x67\xd2\x5d\x84\xa5\x23\x82\x88\x1f"
	"\xb1\x2c\xe8\x56\xac\x28\x58\x71\xd7\x58\xcb\x24\x01\xc9\x93\xe4"
	"\xcb\xab\xfb\xf0\x88\xf2\xed\xea\xc6\x7e\xaa\xfd\x6b\x3e\x33\x39"
	"\x73\x52\xef\x59\x66\x8d\x75\xbe\xcf\x31\x51\x29\xee\x91\x47\x3e"
	"\xe2\xfe\x71\x35\x53\x91\xac\x85\x14\xa5\xd5\xba\x3c\x3b\xca\x39"
	"\x8c\xa8\xff\x40\x43\xcf\x69\x92\x7a\x13\xa4\x8a\x43\x90\x8c\x62"
	"\x0a\x0d\xad\xe5\xb4\xb6\x67\xe0\xbd\xd8\x6e\xaf\xfd\x1b\x38\x90"
	"\x6e\x96\x01\x92\xac\x31\x43\xc8\x1f\x64\xa9\x47\xc4\xdc\xec\xb4"
	"\xa7\x9c\xc8\xb6\x82\xae\xb6\xbf\x22\x5e\x46\x92\x78\x5c\x5d\x4b"
	"\xea\xcc\x2a\xcc\x1f\x6b\xeb\x82\x1e\x7e\x2f\xaf\x90\xcf\x9c\x30"
	"\x92\x15\x33\x5a\x79\x41\xa4\xa2\x9c\xdb\xa1\x23\x75\x92\x5f\x79"
	"\x13\xdb\xf5\x76\x35\xd3\x48\xf9\x67\x5d\x16\x65\xee\x84\x3c\x99"
	"\xd9\x93\xb6\xeb\xbb\x2b\x7b\x2b\x5b\xdd\xcf\x0f\x75\xb1\x97\xca"
	"\x80\x75\xb9\x9c\x94\x35\x65\xb1\x23\x6b\xa7\x19\xcb\x7b\xfb\x7d"
	"\x75\x93\x96\x98\xfa\xdd\xc7\xa1\x65\xc5\x8e\xdb\x61\x5c\x52\x79"
	"\x86\x90\x9f\xd9\x3b\x52\x8f\x0c\x9e\x78\x26\x7c\xe6\x2c\xa6\x2d"
	"\xc4\x56\xd4\xe0\x8c\xac\xb1\xcb\xad\x87\x0c\x55\x3f\x1f\xb2\x1d"
	"\x7a\xbe\x3e\xb2\xa2\x43\xf3\x61\xf1\x25\xfe\x9f\xb1\x2b\xe9\x6e"
	"\x1c\x47\xd2\x7f\xc5\x6f\x4e\xd3\x87\xee\xe2\x22\x2e\x3a\xcc\x01"
	"\x22\x29\x09\x65\x6e\x26\x20\x8b\xf6\x85\xcf\x65\xbb\x3b\xfd\x3a"
	"\xd3\xce\xe7\x74\xcd\x54\xff\xfb\x41\x80\x8b\x08\x12\x01\xe8\x90"
	"\x8b\x10\x1f\x41\x10\x4b\x20\x10\x88\x65\x6a\xe1\x89\xe4\xe0\xe2"
	"\xa3\xb4\x31\x21\x91\xe0\xd7\xa8\xbd\xe3\x9d\x78\xa0\x43\x77\xc3"
	"\xa6\xb0\x6e\xe8\x10\xee\x9a\x67\x8a\x88\x12\xbb\xfe\x16\xb9\x8c"
	"\x05\x12\xaf\xf4\x4c\xb0\x89\xdd\x70\x6b\x7b\x59\x09\xd7\x6d\xda"
	"\xbd\xad\x49\x95\xc1\x69\x42\x67\x63\x99\xfd\x0d\xc4\xff\x69\xb4"
	"\x95\x0d\xe6\x34\x8a\xa4\x22\xcf\x7f\xd6\xd9\xca\xb2\x79\x8a\xf6"
	"\x39\x81\x0a\x3e\xad\xde\xcf\x6c\x3d\xc7\x77\x2d\xd5\x51\xe5\x40"
	"\x28\x7e\x6e\xb1\x9b\x10\xca\xdc\xad\xe5\x8b\x59\x95\x93\x66\x9f"
	"\x13\x55\x27\xc0\x10\xa5\x94\x28\x07\x87\xe8\xc4\xa6\xa5\x60\x05"
	"\x53\xba\x9e\x15\xc9\xd6\xd5\x2f\x8b\xac\xa6\x09\x7a\x95\x23\xaa"
	"\xd9\xba\xc8\x83\x92\xb8\xb1\xf1\x33\xc6\x25\x43\x57\x1a\xc3\x0b"
	"\x31\xbb\xaf\x18\x37\x55\x35\x75\x24\x75\xfd\x50\x64\x88\x41\x1f"
	"\xcc\x0d\xc4\xdf\x2e\x81\xc0\x47\x25\xc2\x93\xe9\xc9\xdc\x08\x9e"
	"\x1d\x4f\x6a\x76\xe0\xbe\xc4\xf2\x94\xfa\x04\xed\x92\x5a\x6c\xd3"
	"\x04\xcb\xa5\x9a\x13\xcb\x78\xde\xab\x6c\x5a\xfc\xec\x9a\xa3\x60"
	"\xa8\x7a\x39\x5d\x50\x21\xb4\x4b\xa2\x0f\x4d\x3b\xab\xf6\x4c\x1f"
	"\x4b\x35\x09\x64\x5f\xd2\x9d\x51\x53\xdb\x09\xe0\xdb\xb6\x5b\xf6"
	"\x50\x56\x35\x7b\x50\x63\x1a\x9c\x93\xae\xcd\xd1\x93\xc0\x3e\x4d"
	"\x29\x76\x06\xa8\xa9\xf6\x02\x0a\xac\x72\xa5\x2a\x79\xa6\x49\x86"
	"\xc2\xde\xb5\xfd\xb2\xd7\xcb\xb2\xa4\x00\xaf\x5e\xec\xed\x3d\x86"
	"\xf2\x1d\x41\xb4\xcc\x63\xc5\x5d\x71\x6a\xf1\xf0\x29\x0a\x0a\xbc"
	"\xe2\x9b\xcc\x50\x9d\xe5\xf0\x23\x31\x55\x02\x2a\x3c\x9c\x3e\xe8"
	"\x05\x34\xfd\x53\x1f\x1f\x72\x3a\x37\x28\x3b\x8b\x12\xc5\x22\x3c"
	"\x4b\x21\xdd\x38\x84\xfb\x00\xf0\x4a\x55\x5b\x50\x7a\x03\xe5\x78"
	"\x4c\x28\xd0\xc3\x2d\x9e\xbc\xd0\x06\xa5\x1b\x0e\xe0\xb1\xe3\xb7"
	"\x28\x59\x0c\x18\xd8\xaa\x98\xe8\x71\x64\xa2\x0f\x1a\x2d\x14\x90"
	"\xd0\x84\xa4\x78\xf3\x84\x5c\xcd\x69\x89\xd3\x53\x22\x66\x9e\xa1"
	"\xfa\xb4\x16\x12\xdf\x26\x36\xd3\xc3\x68\x49\x9f\x6e\x51\xda\x4c"
	"\xf6\xad\x62\x59\x95\xd4\xb9\x98\x5b\x58\x8d\xf2\x38\xd9\xb5\x67"
	"\xf2\x80\x42\x72\xb0\x90\xe1\xae\xe3\xba\x09\x8e\x69\x39\x4a\x1b"
	"\xce\x51\x56\xba\x10\xad\x71\x8c\x3c\x74\x18\xc9\xf2\x0c\x60\x46"
	"\x80\xa4\x8d\x22\x4a\x69\x07\x4d\xf0\x97\xdc\x19\x1f\x1f\x84\x28"
	"\x9c\x2e\x24\x15\x63\x0b\x61\x7b\xc4\x89\x5c\x9c\xd9\x5b\x24\x59"
	"\x75\xd6\x10\xc1\x46\x69\x82\x8f\xf2\x3d\x5c\x38\x42\xa8\x23\x84"
	"\xde\xd2\x9c\x96\x82\x45\x89\xd5\xeb\x35\xf0\xb7\x69\x10\xc4\xc1"
	"\x6d\xbb\x0d\xb4\xd6\xf8\x75\x3d\xb3\x6d\x11\x3f\xba\x1d\x4b\xd5"
	"\xc4\xc7\x50\x98\x66\x10\xf1\x20\x53\x0b\x97\x81\xda\xa1\xac\xa8"
	"\xeb\x05\x4a\x5e\x2c\xab\xf6\x40\xa2\xb8\x52\x51\x42\x42\x4a\xd4"
	"\x82\xba\x64\x6a\x3d\xd2\xb4\x48\x2d\x92\xc6\x46\x5c\xbd\x48\x66"
	"\x7a\xe5\x1e\xcb\x8f\xb3\x87\xc1\x05\xb4\x0f\x31\x08\xae\x5b\xaa"
	"\xe3\xa5\x20\x25\x84\x27\xa8\xeb\xe8\x2d\x39\x63\x8a\x2a\x20\xd7"
	"\x90\x5b\x5b\x1b\x37\x0d\xa8\x0d\xcf\x63\x37\x70\xd4\x96\xf4\x85"
	"\xde\xb2\x15\x42\x62\x88\x62\x6d\xcc\x04\xa0\x8a\x3f\xca\x7d\xd8"
	"\xf8\x49\xa4\x8d\x63\x37\x6a\x31\xc2\xb6\x73\xa3\x98\xac\xa9\x49"
	"\x9a\xc8\x3b\x36\x2d\xa5\xcb\xb2\x42\x4f\xe8\x43\x5b\x2a\xcd\x06"
	"\x52\xaf\x0c\x1b\x11\xc8\x17\x8c\x75\x14\x3b\xaa\xad\x24\x2d\xb6"
	"\x21\x62\x32\x33\x42\x58\xb3\x8d\x10\x21\x66\x06\x89\xb5\x62\xcc"
	"\x04\x10\x8b\x38\xea\x15\x4d\x1a\xca\x76\xa1\x82\x1a\x69\x87\x3c"
	"\xf4\x1c\x62\xa8\xb6\x04\xfe\x1b\x3b\xba\x67\x81\xbb\xef\x8c\x8d"
	"\x2e\x12\x16\xc5\xbe\xf9\xc3\x1a\x48\xa7\xdd\x1d\x2b\xbd\x5f\xf1"
	"\xac\x7f\xd9\x69\xc7\x32\xbe\x8a\x24\xb0\x86\x2c\xdb\x4a\x72\xda"
	"\x15\x41\xe8\xe3\x6e\xd4\xa4\xf4\x22\x0f\xeb\xdc\x5d\x96\xdf\xce"
	"\xed\x7c\xe4\x03\x4d\x21\x58\xc1\x69\xd5\xa5\x59\xcd\xaa\xd2\x8b"
	"\xe3\x18\x5f\x76\x89\xa7\x3f\x68\x8d\xdf\xf1\x48\x4e\xcd\x89\xe9"
	"\xfa\x3b\x69\x63\xcf\x77\x9d\xce\xb4\x6c\x01\x77\x4b\xf2\x02\x31"
	"\xbd\x1a\x21\x77\x62\x3b\x39\x9f\x91\x3b\x7e\x00\x1d\x59\x65\xac"
	"\x40\x6c\xde\x81\xdb\xe2\xb3\x9a\xd6\x47\x53\x33\x19\xcd\x9a\x86"
	"\x74\x98\x5e\x1b\x20\xf7\x79\x68\x59\x12\xc9\x51\x1c\x81\x75\x5d"
	"\x79\x5e\x9c\x95\xc7\x78\x95\xdd\x39\x65\x08\xfc\x72\x67\x5e\xf4"
	"\xfa\x08\x1d\x4d\xb5\x25\x10\x3f\x0d\xe6\x74\x82\x1a\xac\xf4\x5a"
	"\x73\x6a\x78\x9b\x23\xa7\x16\xb1\x24\x5d\xc7\xd6\x4e\x5e\xa8\x9a"
	"\x50\x59\xa0\xb3\x58\x13\x07\x89\xf4\x98\xae\xfa\x04\xe2\x1d\xed"
	"\x17\xa2\xfc\x52\x14\x3d\xd3\xbd\x72\x38\x94\x51\x47\x91\xe5\x2c"
	"\x69\x1b\x1f\xa7\xf9\x1b\x03\x2d\x30\xd0\xb6\x38\x2d\x30\xd4\xe9"
	"\x20\x61\x13\xfa\x07\x63\x03\xcd\xf0\x42\x6d\x58\x45\x49\x89\x82"
	"\x55\x4f\x79\x1b\xd7\xd0\x55\x81\xe9\x9b\x37\x67\xd3\x93\x1b\x7d"
	"\x23\x60\x98\xf7\xe7\x31\x78\xdf\xeb\xd7\xf3\x6f\xff\xf7\xf6\xcf"
	"\xb7\xdf\xfe\x78\xfe\xf1\xf2\xed\xa5\xfb\xf5\xf5\xa4\xc4\xc2\x1b"
	"\x1e\x28\xef\x1b\x19\xfd\x55\x7d\xe6\xfd\x7f\x3f\x9f\x7e\x74\xef"
	"\xaf\x5f\xff\xf8\xfa\xeb\xeb\xbf\xb4\x13\x63\x19\xa5\x69\x3e\x49"
	"\xc5\x31\x12\xfc\x04\xa5\x05\xb3\x7b\x71\x8b\x14\x34\xba\x9b\x07"
	"\x96\x3a\x43\xbc\xd4\xbc\x18\x72\x76\x5f\x96\x40\x2e\x44\xe2\x12"
	"\xff\x48\x70\xf5\x5d\xf4\xb6\x2c\x06\x41\x38\xaf\x12\xf0\xae\xa5"
	"\x69\xa1\xf5\xe0\x5d\x42\x45\xdb\x55\x9b\xe9\x01\x50\x55\x3b\xb9"
	"\x27\x75\x67\x72\xab\xaa\xbb\x20\x7f\xb5\xe0\xff\x07\x30\x99\xc6"
	"\x8c\x0a\x60\xcd\x49\x17\x5a\xe9\xc2\x93\x25\x27\x2e\xe4\xb3\xee"
	"\x88\x1d\xd6\x65\x9f\x71\x76\x37\x18\x2f\xe6\x7a\xdf\xbe\xf9\xf2"
	"\x87\x36\xaf\x76\xc2\xa1\xe9\x60\x4a\x07\xcd\x1f\xb3\xf5\xa9\xaf"
	"\x19\x26\xab\x78\xf8\x08\xf7\xbd\x29\xdc\x1e\x80\x11\x36\x33\xad"
	"\xea\xd0\x34\x1b\x43\xd3\x1a\x34\x30\x84\x78\x8b\x77\xc6\xd8\x4a"
	"\xe9\x60\x61\x6d\xa5\x7c\x84\x55\x7b\x4e\xea\xee\x98\x0d\xfd\x82"
	"\x23\x49\x79\x57\x77\x0d\xe8\xf5\x20\x76\x16\x18\x65\x68\x75\xe3"
	"\xf3\xfe\x1e\xaf\xf2\x35\xa4\xd5\xad\x28\xad\xcf\x1e\xa6\x92\x02"
	"\x1a\xbe\x67\xcd\xab\x6c\x18\x55\x6a\x85\xc9\x48\xf4\xa7\x30\x21"
	"\xee\x16\x48\xcf\xd4\x0d\x65\x85\x96\x5f\xcc\xdf\xa7\xb9\x6e\xcc"
	"\xe9\x2e\x6b\x38\xe2\xee\x51\xc0\xfa\xcf\x5a\x5b\xad\x59\x4a\x09"
	"\xba\x99\x36\x44\x3d\x4b\x29\xb4\xe9\x56\x40\x47\x9c\x3b\x22\xce"
	"\x09\x73\x8f\xdf\x79\x39\x47\xf0\x8f\x0f\x29\x59\xc9\x59\x8f\xa9"
	"\xeb\x39\xae\xe5\xcb\xa4\xaa\x28\x2b\x4b\x45\xd1\x79\xc7\x4b\xd8"
	"\x4f\xc5\xc1\x89\x34\x39\x1e\x8d\x40\x15\x7b\xcf\x0b\x75\x6a\x1f"
	"\xd9\xe6\x1d\xf2\x36\xdf\x9c\xdf\x20\xe4\xe2\x7f\x0f\xc1\xe7\xdf"
	"\xde\xff\x75\xf3\xd1\x07\x73\xfd\xdb\xcd\xd7\x87\x40\xbf\xde\x7c"
	"\x7d\x1b\x51\x1a\x65\x17\x26\xdd\xdd\x17\x2d\x98\xb1\x21\xde\x6e"
	"\x69\x89\xc5\xfc\xd2\x44\x5c\xf9\xf9\xe7\x17\xea\x61\x2a\x63\x3a"
	"\xcf\xdc\xc6\xe1\xe7\x18\xff\x59\x29\xdb\xef\x81\x09\xe7\x8b\x84"
	"\x39\x3d\x0d\x6c\x42\xb1\x6c\x05\x3d\x82\xc9\xb8\xe5\xb7\x7a\x66"
	"\xdf\x43\x0a\xc2\x1b\xda\xde\xf6\x01\x43\x65\xcb\x4f\xbf\x5e\x3f"
	"\xbf\x3f\xbd\xbf\xdc\xbc\xbd\x7f\xbd\x7e\xfe\xf3\x69\x11\x90\x6b"
	"\x78\xac\x3a\xb1\xcc\xfc\xf2\xdf\xab\x87\x05\x40\x21\x67\xf7\x8b"
	"\xf8\x04\x63\xb1\xde\xd8\xbf\xa7\xde\x66\x0f\xb0\xb1\xae\xba\x8e"
	"\x57\xa7\xe4\xc8\x92\x26\xcb\xc4\x56\x91\xe4\xc5\x3c\x10\xd9\xf4"
	"\xa4\xd8\x9b\x77\xd5\x3c\xae\xf0\x3c\x2c\x37\xfc\xea\x43\x15\x40"
	"\x8c\x07\xc1\x60\x66\x5b\x47\x1f\x30\xfd\x41\xf7\x44\x99\x9d\xbb"
	"\x52\x71\x45\x9a\x37\x45\x6e\x44\x85\xea\xa9\x94\x25\x43\x8b\xa4"
	"\x1b\xbe\x3c\x8b\xcf\x26\x0c\x16\xc8\x78\xfa\x88\x5d\x45\x1a\xc5"
	"\x2e\x73\x2c\x13\xbb\x81\x5e\x9d\x31\x03\xd4\x41\x80\x1c\xbe\x16"
	"\x20\xdd\x5d\xe1\x05\xc2\x6f\x77\xfa\x26\xdc\x89\xd3\x30\x12\x0a"
	"\x6c\x86\xf1\xdc\xd0\x82\x49\x87\xfc\x20\x4d\x18\x07\x66\x64\x7e"
	"\x7b\xbb\x4b\x4d\x8d\x95\xb1\xb7\x75\x6d\x95\x71\x40\x60\x09\x21"
	"\xd9\xc1\x26\x20\x4f\x48\xb8\x71\x43\x2b\x28\xde\xb8\x96\xbe\xed"
	"\xd7\x9a\xe5\x83\x8a\xd8\xf7\x7c\x3b\xc6\xf7\x6d\xef\x6a\x23\x4c"
	"\x58\xbf\x80\x12\x66\x01\xd4\x8d\xeb\xb9\x66\x8c\x58\x02\x1c\xb9"
	"\xd4\x98\x30\x90\x2f\x06\x6c\x5b\x98\x69\xa8\x34\x17\xc3\x17\x1a"
	"\xaf\xce\xe4\x8c\x84\x36\xbd\xa0\x4e\xe5\xed\xce\x32\x9c\x95\x60"
	"\x75\x1b\xcb\x60\x16\x5e\xbf\x8c\xb1\x64\x3c\x13\xb2\xe5\xd6\xf7"
	"\x25\xa4\x76\xdd\xd6\x32\xea\x3b\xad\xfe\x6c\xf6\xf5\x45\xb7\x67"
	"\xcd\x9a\x5b\x4a\x36\x8c\x72\x4b\xc1\x81\x21\xdb\xb4\x62\x40\x30"
	"\x96\x09\x39\x8f\x60\x41\x76\x2e\x18\x3f\xb5\x00\x90\x6b\xbe\x09"
	"\x90\x54\x3b\xc4\xc7\x69\x82\x1c\xf6\x88\xd5\xe5\x05\x81\xe5\xe4"
	"\x55\x10\x5d\x61\x03\x9d\xa8\x58\xed\x05\xe2\xd4\x35\xc1\xa4\x7c"
	"\x49\x12\x0b\x8a\xd1\x34\x3b\xd3\x12\xcb\xb7\x3a\xe1\x78\x81\xb0"
	"\xe5\xcb\xfb\xa4\xad\x8e\x19\x73\x26\x4d\x43\x2b\xcb\xab\x0a\x72"
	"\x90\x06\x6b\x96\x86\xd7\x24\xc9\x2a\x24\x84\xb3\x8a\xda\x11\xc4"
	"\x06\xec\x02\xe3\xb4\x3c\x58\xbb\xe0\x4c\x53\xf1\xc3\x0c\x7a\x3c"
	"\x8a\x33\xd7\xc9\x32\x55\x08\x0b\x1c\xd7\x35\x63\x40\xec\x38\x15"
	"\x3a\x81\x67\x82\xb4\x35\x99\x45\xd2\x57\x8a\x85\xc0\x85\x51\x96"
	"\xe9\x39\x26\x6a\xcd\x24\x9d\x69\x2f\xb6\x07\xf9\x04\xce\x5c\xf3"
	"\x98\x3b\xf2\x77\xaf\x2c\x4d\xb2\x64\xde\x9c\x39\x89\xd6\x8a\xa0"
	"\x3f\x23\x1d\xf8\xfc\xc4\x35\x23\x88\x73\xab\x90\x6d\x0f\x5a\xda"
	"\xed\x4e\xfc\x50\x5d\xcb\x26\x9a\xe6\x46\x63\x09\x63\x59\x43\x49"
	"\x2e\xe6\xa2\x10\xa4\x36\xf8\xa7\x5e\xe4\x1f\xbd\x50\x54\x37\x90"
	"\xab\x66\x88\x61\x7f\x79\xc7\x0c\x41\x52\x16\xc5\x48\xd8\x47\x15"
	"\x17\xc5\x51\x74\x1d\x6c\x6b\x87\x35\xae\xe3\xb9\xcb\x58\x8c\x7a"
	"\x28\xa8\x13\xbb\x02\xc9\x44\xa3\x20\x4f\x42\xc8\xa0\x6d\x42\x1b"
	"\x2b\x74\x77\x12\x07\x63\x44\x25\x30\xc7\xc1\x65\x65\x55\x66\x1d"
	"\x4d\xca\xd8\x47\x44\x0e\x05\xff\x10\x27\xbc\x38\xb8\xae\x73\x05"
	"\x94\x73\x56\xe3\x56\xa8\x6b\xec\xe6\x3a\x70\xfa\x50\x92\x1a\x71"
	"\x4b\x9d\xe3\x8e\xa4\xa8\xd9\x91\x5e\x51\x63\x96\x71\x6a\x07\x1d"
	"\x48\x4e\xda\x2b\x61\xc3\xfc\xb6\xa2\xf7\xa7\xdf\x29\x67\x27\x2b"
	"\xee\x50\x55\x29\xb5\xbf\x9c\xe6\x54\x8c\xbb\x1d\x77\x38\x95\x8f"
	"\x57\x74\xcb\x2d\xdf\x7b\xae\x67\x5f\x14\x19\xb6\x51\xa8\x20\xfb"
	"\x90\x49\x76\xd0\x9d\x51\xc7\xf7\x35\xf6\x9a\x15\x26\xc4\x57\xd7"
	"\x8d\xaf\xa8\x52\x88\xb0\x01\x66\x4e\xaf\xe0\x0a\xe6\xba\x1b\x3b"
	"\x2c\xcb\xf7\x84\x75\x05\xad\xaf\xc0\xca\x1f\xf6\x01\x2e\xda\xf0"
	"\x94\x77\x9c\xd9\xbf\x9a\x96\x59\x4b\xed\x5d\x5e\xdc\x46\x88\xfa"
	"\x5e\xe1\xb3\x59\xb9\x4a\x38\xa3\x1f\xe5\x94\x77\x7b\x1e\xb4\x8e"
	"\x9d\xe3\xca\xff\x37\xf4\x70\xe4\xd7\x41\xcf\xd4\x3e\xc9\xae\x64"
	"\x8f\xe7\x94\x4b\x13\xa1\x6b\x66\x8f\xbc\xde\xaf\x8a\xba\x62\x94"
	"\x67\xd7\xb5\x94\x8a\x63\xa9\x9d\xf7\x8a\x41\x94\x6c\xa2\xba\x06"
	"\xe9\x39\xce\xe6\x4a\x5c\x70\x25\xce\xbe\xae\x9b\xa2\x43\x62\xc5"
	"\xcc\x51\x8c\xe6\x8b\xa8\x68\x08\x8c\x5d\xd5\xdf\x8c\xbb\x9e\xef"
	"\x5d\x01\x2b\xf6\xd7\x34\xee\xd4\xec\x85\x54\x84\xc7\x4e\x56\xc0"
	"\x6d\x1c\x06\x57\x74\x73\xcd\xc2\xc0\x89\xec\x6c\xf6\x31\xe3\xa1"
	"\xe7\xd9\x67\xc2\x23\x2e\xb5\x2b\xc3\x51\x1d\x8b\x7e\x67\xbf\xa2"
	"\x4e\xd0\x0d\x71\xd6\x3d\x44\x91\x7b\x2d\xf6\x90\x57\xf7\x19\x12"
	"\x4b\x07\xa9\xba\x4b\x97\xba\xb1\x82\xaa\x46\xc6\x7d\xa9\x10\x9b"
	"\xdc\x4d\x6b\x50\xf0\xf5\x52\x90\x38\xdf\xe2\x7c\x70\xd0\x74\x15"
	"\xc4\x45\x82\xc8\x0f\x4a\x3f\xbf\x75\x44\x2f\x71\x4c\x8f\x30\x34"
	"\xb3\x20\xf1\xc6\x58\xcf\xa1\xf6\x88\x91\x0c\x06\x9d\x59\x56\x63"
	"\xa1\x03\x2f\x28\x4e\x73\x6e\xd2\x0e\xcd\xa0\x69\x06\x37\x79\x8d"
	"\xb1\xa3\xa8\xcc\x3c\xc5\x33\xcf\xa4\xd9\x4c\x8e\x95\xaa\xda\x9b"
	"\x28\xe2\x34\x56\x0e\x35\x18\x5e\x73\xdb\xf2\xdf\xb7\x06\xba\x8c"
	"\xa9\x5c\x10\x63\x1d\x0f\x19\x41\xe3\x11\xf6\x88\xa4\x70\x1d\xd3"
	"\x5b\x9a\xec\x70\xca\x21\x34\x0d\xd8\x79\x73\x9a\xa0\x5f\x7c\xd2"
	"\x2a\xc1\x97\xfa\xba\xa1\xe9\xc9\x3e\x0e\x90\xc8\x3e\x03\xe2\x5c"
	"\xd8\x87\x16\x40\xf7\x14\xd3\x48\xcc\xc6\xb4\xa9\x38\x69\x1e\xc0"
	"\x21\xc9\x36\xb4\x69\x9b\xfb\xc6\x55\x42\x0b\xc8\x0b\x74\x32\xf6"
	"\x28\xf1\x31\x11\x66\xd0\xe3\xcb\x14\x5f\xb0\x3c\xc4\x29\xa5\x21"
	"\x0f\x06\x68\xda\xdc\x7b\xa1\xd3\x0e\x9d\xcf\x6c\xc8\x30\xb8\x1a"
	"\x19\x19\x91\x4d\x41\xd7\x67\x01\xa5\x16\x29\xfc\xcd\x32\xd2\xd5"
	"\x17\xe1\x11\xf2\x50\x8c\x7a\xf0\xe3\xd3\xe7\x8b\x8c\x75\x4f\x7f"
	"\xab\x6e\xc6\xd0\x8b\x93\xf2\xbc\x51\x67\x87\x2c\x80\xbf\x51\xe7"
	"\xf1\x1e\x01\x39\x00\x6f\xb1\x58\x75\x12\x51\x27\xb4\x66\x9e\x36"
	"\x95\x22\x90\x73\xba\x13\xe4\xf5\xab\x1b\x72\x36\xbd\xb6\x8f\xc2"
	"\xb0\xa8\x78\xf9\x66\xe6\x15\x58\xf4\xa3\xa1\x9a\x26\xb1\xd4\x41"
	"\xea\x9d\x19\xd0\x6b\xbb\x19\x66\xe4\x85\x8a\x34\x07\x52\x64\xda"
	"\x04\x13\xc9\xb7\xa7\xcf\xa7\xe7\xaf\xd7\xcf\x75\x32\xcf\x85\xad"
	"\xe6\xbd\xd6\x74\xad\xa4\xed\x36\xee\x6a\xae\xba\x15\xf4\x81\xfa"
	"\x64\x31\xfa\x31\x24\xef\xca\x3e\xf4\x67\x8a\x05\x50\x2c\xab\xc7"
	"\x0a\xf3\xdd\xeb\x0e\x4c\xef\x5d\x22\x53\xe4\x08\x91\x47\x9b\x9d"
	"\x32\x4f\xc5\x1e\x29\x53\xf4\x41\x66\xc3\x45\x76\xc7\x45\x7e\xa8"
	"\x3e\x7c\xe8\xeb\xe7\xdb\xd3\xf7\x75\x8c\x93\xe1\x0b\x64\x82\xb1"
	"\x85\x7f\xf5\x40\x8a\x3d\x75\x8f\xeb\x13\xaa\x7e\xbc\xff\x5d\x12"
	"\x7e\xf5\xf5\xca\x78\x2b\x9a\x68\x3e\x43\x1d\x30\xdf\xbb\x3a\x77"
	"\x5c\xc7\xd4\x8d\x13\xca\x35\xa1\xc6\xa6\xca\x80\xe0\x60\x6a\x8d"
	"\x58\x23\x0e\x70\x9d\x7b\x97\x42\x91\x81\x80\x59\xb7\xb1\x56\xd1"
	"\x03\xff\xc7\xdb\x20\xe4\x21\x9e\xce\xec\x6e\xcd\x4f\x2e\x21\xd6"
	"\x64\xb8\x61\x99\xb0\xd5\x41\x9e\x3f\x0a\xee\xa3\x6b\xa7\x38\x7b"
	"\xfa\x78\xba\x84\x19\xa4\x35\x41\xe0\xfd\xf9\xe2\xf8\xa1\x22\xd4"
	"\xd0\xe1\xb3\xc2\xd9\x97\x2d\x6b\xfd\x1d\x99\xbc\xe3\xa7\x25\x49"
	"\x89\x58\xa3\x4f\x08\x37\xa4\x2c\x6a\x8d\x6d\x1f\xf8\xd6\xef\x9c"
	"\x1c\xd0\x14\xdf\x2a\xd4\x06\xa3\xfb\x36\x6c\x43\x63\x9f\x0e\xb6"
	"\xee\x35\xb3\x56\x26\xf8\xa1\x89\xdc\xd4\x9e\x89\xbc\x67\x79\x97"
	"\xd7\xb6\x77\x88\x5f\x59\x4b\x4a\xb1\xf9\xd1\x03\x4d\xc4\xaa\x6f"
	"\x4c\x68\x19\x56\x1d\xd3\x9e\xf2\x07\x53\x9e\xae\xe3\x7d\xd2\xa5"
	"\x09\x12\xba\xaa\x2e\x28\x68\x74\x53\x7d\xc8\x27\xc8\x47\x20\x88"
	"\x6a\xa0\x97\xa9\x50\xa6\x0a\x12\x7c\x7d\xc1\x9d\x56\xb0\x29\x10"
	"\xca\x8a\x32\xc6\xbe\x3c\xa7\xf3\x44\xb2\x0f\x4d\x09\x2e\x2d\x90"
	"\x23\x4c\x1c\xb1\x73\x4a\x16\xf1\x69\x46\x04\xa1\x39\x48\xd0\x54"
	"\xf0\x73\xc1\x3c\x97\x46\x47\x38\x78\x71\xc1\x3f\x20\x20\x0c\x79"
	"\x1f\x6d\x7e\x88\xe9\xa7\x98\x77\xd6\x35\x44\xab\x58\x73\xe1\x21"
	"\xce\xe2\xb3\x66\xb3\x9a\x45\xf6\x3e\x9b\xb2\xcc\xf2\x44\xfc\xa9"
	"\x0b\xcc\x3d\x23\x7f\x58\x8c\x7b\x7f\x99\x2f\x0e\xcd\x6b\xa3\x8f"
	"\x79\x02\x56\xf1\xa3\x93\x97\x7b\xb4\xdc\x57\x6a\x31\x74\x2b\xe1"
	"\x8b\xb2\xa3\x80\x4a\x7b\x89\x59\x61\x21\x4d\xac\x7b\xf7\xae\x3f"
	"\xbf\x7f\xbd\xfd\xfc\xfe\xfa\x97\xf8\x46\x78\x79\xf2\xed\xed\xa7"
	"\x6e\x7f\x80\xc7\x48\xb3\xeb\xe5\x81\x04\x4c\x18\xb2\x12\x71\x99"
	"\x1e\xde\x80\xfb\xc7\x5d\x00\xe2\x6f\x23\x22\xe7\xc9\xc6\x47\xd4"
	"\x4b\x23\xa6\x4e\xc8\x36\x40\x6c\x42\x55\xcc\x5f\x66\x0c\x2d\x13"
	"\xde\xe4\x46\x0c\xe6\xc8\x07\xf4\x34\xbb\xb6\x96\x22\x6f\x93\x3a"
	"\xd7\x59\x1f\x00\x62\xc8\x7a\x0c\x22\xc3\x64\xe2\x21\x06\x66\x12"
	"\x6f\x21\xb7\xd2\x65\x80\x86\xd9\x7a\xc3\x0a\x28\xff\x06\xb9\x95"
	"\x20\x1f\xee\xe7\xc7\xf7\xef\x30\x6b\xd7\x06\x4c\x72\x20\x73\xea"
	"\x06\x88\x75\xf0\x44\x0f\x7d\x33\xbd\x35\xd0\x8b\x34\x0a\x42\x13"
	"\x19\x22\x82\xa1\x74\x8a\xe9\x6f\x25\x11\x8b\xed\x0e\xc4\x9a\xd2"
	"\x76\x83\x52\x4b\xa9\x7a\xf1\x50\x3a\xa3\x2c\x08\xb6\x81\x89\x1e"
	"\x22\x76\xda\x03\x79\x1b\xe2\xf3\xf9\x1e\x71\x1e\x18\x68\x8b\x5b"
	"\x8e\x0b\x37\xf8\xcf\xaf\xaf\xd7\x1f\x37\x7f\x40\x06\xdf\x7e\x34"
	"\x6f\xfe\xfb\x87\x18\xe6\xef\xff\xb9\x79\xfd\xf1\xc7\xeb\xcb\xcb"
	"\xeb\xcb\xcd\x6f\x03\xea\xef\x42\xd8\x7b\x16\x0b\xf8\x6f\xcb\x01"
	"\x1f\xa2\x81\xa1\xef\x4f\xc0\x5b\xd5\xb8\x5e\xd3\x8c\xd1\x43\x29"
	"\xf3\x7b\xeb\x22\x3d\xa3\x58\xc4\x52\x1f\x60\x59\x91\xdd\x7b\xc8"
	"\x22\xe8\x77\x90\x40\x65\x5b\xa8\xfc\x05\x44\x63\xeb\x4b\xc1\xfc"
	"\x53\x7a\x8b\xd2\xab\x95\x8d\x89\x3a\xad\x12\x62\xff\xea\xba\x25"
	"\xc6\xcf\x6d\x6e\xfd\x16\x8b\xba\x2b\x04\x50\x6f\xe3\x3a\x03\xa7"
	"\x57\x67\x55\x4f\x32\xcc\xba\x82\x23\xa1\x23\x81\x3c\x78\x06\xe3"
	"\xd3\xb2\x97\x9e\xd6\xd6\x92\x7f\x89\x5d\xef\x5d\x1c\x18\x04\xe6"
	"\xb7\x9e\xb9\x3c\xbd\x3c\xfd\xfc\xc2\x99\x4a\x4a\x2b\x30\xe6\x3c"
	"\x79\x78\x63\x86\x54\xc2\xe2\x50\x8c\x5d\x04\xc8\x8e\xaa\x76\x15"
	"\xdf\x9f\x1e\x1f\xbb\x8a\xd1\x3d\xfe\x65\x44\x88\x18\xd9\x3d\x3e"
	"\x20\x9c\x96\x0f\xdd\xc2\x97\x4a\x36\xba\xfa\xfa\xd6\xef\x76\xc3"
	"\x87\xcd\xd6\xd6\x2c\xa6\xe4\x20\xc3\xd4\x59\x96\x3e\xac\x06\x85"
	"\x9f\x76\xf8\x88\xe4\xe4\x3e\x33\x2c\x0e\x88\x32\x8c\xe7\xfe\x9c"
	"\x20\x24\x3f\x54\x16\xc8\x4e\xeb\x49\xd8\xe7\x66\x9f\x99\xd6\x53"
	"\x34\x12\x32\xd0\x0a\x32\xb7\x26\x04\xd5\x79\xf1\xf4\x0b\xc6\x39"
	"\xb9\xec\x23\xe9\x7a\xc8\x65\x1a\x0b\x29\xc3\xeb\xe5\x5b\x20\xb7"
	"\x7d\xb6\x8b\x3e\xf4\x0b\x0a\x33\x39\xdc\x03\xdd\xc4\xbc\xfa\x8f"
	"\x1b\xd9\x0d\x0a\x41\x99\x03\x10\x41\xae\xd7\xdb\x60\x8c\xb9\x16"
	"\xf7\x32\xe1\x7d\x57\x9e\x8a\x9d\xe8\x29\x57\x7d\xbc\xea\x67\x1a"
	"\x5a\xbd\x38\x27\x7b\x1e\x4e\x6d\x89\x87\x9d\xa9\x26\x32\xca\x57"
	"\x00\x32\xfa\x21\x23\xc3\x2b\xf8\x47\xb8\x51\xbd\x14\x65\x71\xe2"
	"\xc6\x62\x3b\x73\xf0\x96\x19\x39\x07\x00\x5a\x88\x6b\x83\x53\x57"
	"\x7c\x45\x21\x3f\x3e\x94\x77\x45\xdd\x1d\xee\x16\x3d\x3f\x4d\xc2"
	"\xfa\xf3\xe3\xeb\xe3\xf9\xe3\xfb\x30\x1b\xe7\x9a\x90\x5a\x4e\xab"
	"\x85\x15\x30\x94\x42\xb2\x6b\x99\xb8\x7b\x99\x6d\x49\xfd\xb0\x3c"
	"\x0b\xbd\xd6\x41\xe9\xf8\xfa\x65\x35\xa2\x1c\x3a\x22\xe1\xe7\xeb"
	"\x7a\x2d\xe2\xd7\xbc\xbe\x79\xfe\xfe\xf1\xfc\x6f\x9d\x98\x2d\x88"
	"\x9d\x1b\xc4\x71\x9f\x19\x0b\xb3\x61\xef\x83\x3a\xdc\x80\xad\x75"
	"\x99\xf1\x73\xd5\x48\x2f\x75\x79\x6e\x63\x9c\x14\x35\x04\x49\x9e"
	"\x19\xb3\x3f\xbd\xbc\xbc\x81\x89\xbb\xe0\xe6\xf2\xc5\xbf\xfe\x71"
	"\xe9\xcc\x41\x5e\x1d\x97\x7f\xfd\xf6\x3e\x93\x1f\x7f\x29\xb8\xfe"
	"\xd4\x30\x7b\x4e\xfc\xef\x52\x00\xc1\x40\x1b\x08\x80\x39\x11\x96"
	"\xc9\xf9\x0c\x92\xf1\x40\x03\xc9\xd0\x48\x2f\x92\xda\xf3\x19\x92"
	"\x2c\x6a\x04\x31\xf1\xf9\x88\xa3\xca\x04\x69\xdd\xc0\xd1\xed\xc6"
	"\x13\x60\x52\x46\x2d\x08\xcb\x3c\x11\x6a\x39\xa8\xba\xc2\xcd\x32"
	"\x95\x66\x7f\xdb\x73\xcf\x0c\xef\x13\xe2\x89\xe0\xa4\xeb\x6a\x13"
	"\xb6\x89\xf2\xed\xcc\x28\x1d\xea\x52\x02\x7a\x54\xfb\xd5\xd5\x47"
	"\xdf\xdf\x4b\x9e\x37\x4f\x63\x28\x93\xee\x4c\x47\xc0\xd7\x1f\x1f"
	"\x9f\xff\xb9\xf9\xf1\xf4\xf3\xa7\x90\x25\xe5\x63\x9a\x2d\x5e\x3e"
	"\x17\x09\x4e\x22\x23\x9a\xe8\x75\xbe\xf5\xa4\xba\xc6\xe9\xe9\x99"
	"\xd4\x3b\x9c\xbc\xe7\xf0\x0f\xa6\x7f\x94\x90\x69\xa6\x99\x24\xb2"
	"\x1e\xd9\xa0\x8c\x5f\xd2\x0b\xb1\xc6\x4e\x35\x4e\x17\xac\x3b\x74"
	"\x71\xb2\xe8\xc5\x04\xb9\x78\x94\xf4\x16\x5a\x6a\x20\xeb\x25\x2f"
	"\x10\xfa\x65\xb3\x5f\xff\xfa\x29\x56\xb8\x6e\x18\x4c\x06\xf9\x03"
	"\xa0\x34\x7c\x96\x34\xf1\x76\x1c\x0b\x00\x89\xb9\xdb\x77\x0c\x9c"
	"\xa7\xb5\xe2\xec\x48\xce\xc3\xc0\xdb\xac\xd2\x67\xf6\xd7\x71\x86"
	"\x8a\xd7\x0b\x53\xa5\xf3\x9a\x26\x5e\xec\xae\xf5\xdc\xc5\x3e\x5d"
	"\xf7\x9a\xfa\x4d\xc3\x0a\x1b\x4e\xcc\xd4\xd6\xc9\x3b\x1e\xb7\xc6"
	"\x2e\xa0\x9d\x8c\xa4\x8b\x58\xf8\xf7\xd7\x81\x69\xe2\x7b\x6e\xab"
	"\xdd\xe0\x2c\xaf\x17\x4b\xcd\x0d\x37\xb6\x41\x34\xcc\xce\x22\xf1"
	"\xfd\x38\x36\x8c\x72\x4d\x59\x85\x24\x51\xea\xe7\x67\x43\xdc\x8d"
	"\x9a\x04\xbe\xf7\xf3\x11\x22\x35\xde\xf8\xb3\xbe\x49\x7d\x5e\x5e"
	"\xa2\x67\x82\x92\x36\xaa\xef\x16\x8f\xc8\x62\xe9\x57\xcd\xf8\xce"
	"\x50\x75\x8f\x43\xd7\xfb\x12\x04\xff\xe5\x98\x2a\x77\x0e\xce\x79"
	"\xe2\x6d\x91\x2c\xf3\x73\xdc\xb5\xf5\xe1\x4c\x61\x8e\x32\xb0\x96"
	"\x35\xac\x2f\xaa\xf6\x7b\x2c\x48\x36\x60\x9a\x4c\xa6\x5b\x43\x4c"
	"\x3e\xfa\x4a\x21\xf7\x61\xfe\xb0\x1e\x83\xbe\xdc\xe0\x96\x5f\x43"
	"\x08\x25\x80\xea\x67\xd3\xc0\xb0\x49\x0a\xbe\xa1\x5c\xec\x0f\x0f"
	"\x48\xdc\x1b\xc6\x0d\xd5\x0c\x8f\x76\x29\xf3\x22\x64\x5e\x2b\x10"
	"\xd7\x0e\xf1\x8c\x90\x3c\x3b\x54\xe2\x84\xe9\x1b\x41\x6c\x87\x24"
	"\xf6\xee\x33\x62\xa2\xf4\xf1\xf9\xdd\x9d\x87\x66\x63\x1b\x31\x60"
	"\xd4\x18\x2d\x42\x27\x62\x20\xcf\xd8\x1a\x01\x8a\xb7\x8e\x6f\xc4"
	"\xe4\x75\x1c\x21\x86\xa0\x23\x04\x5d\x66\x97\xf7\xe0\xc9\x38\xa7"
	"\xf7\xf0\xc4\x0f\x03\xd7\x88\xe9\xfd\xbd\xa5\x33\x6d\xeb\x6e\x42"
	"\x44\xa9\x38\xa2\x45\x5f\x6e\xdc\xa0\xb5\x63\xb6\x8e\x15\xe3\x05"
	"\x91\x15\x13\x21\x3a\xd4\x19\x26\x88\x2d\xef\x62\xc5\xce\xdf\x44"
	"\xc6\x91\x3d\x90\xd3\x21\xeb\x19\xd1\xc6\xdc\x5d\x0d\xdf\x2e\x22"
	"\x20\x4c\x77\x33\xc5\x22\x26\x37\x14\x74\xf7\x48\x36\xa0\x9e\x3a"
	"\xa8\x2a\x16\x67\xcb\xfe\x5a\xf9\xe9\x4b\x48\x88\x3a\x39\x71\x3c"
	"\x33\x93\x34\xf2\x11\xbb\xd9\x19\x64\x73\x0d\x24\xb6\x40\x0a\xb0"
	"\xbf\xbf\x02\x13\x5c\x81\x09\xaf\xc0\x6c\xed\x18\xdf\xda\x9e\xad"
	"\xb7\x71\x2c\x18\x2e\x7a\xd0\x8e\xd9\x5c\x85\x71\xed\x98\xd0\xb3"
	"\x63\xa2\x2b\xde\x15\x59\xfa\x99\x25\x51\x68\x1b\x2f\xa9\x76\x33"
	"\x43\x78\x5b\x9b\x2b\x49\x59\xe8\x39\x16\x84\x6b\x6b\x09\x0d\x6e"
	"\xc1\xdc\xc1\x88\xd9\x47\x6e\xec\x04\x7b\x2b\x26\xf6\xf6\x07\x0b"
	"\x28\xf0\xa3\x80\x99\x31\x9c\xf1\xec\x04\x41\x28\xcc\xb8\x43\x1e"
	"\xb8\x31\x7a\xe9\x3f\x61\x3c\xc7\x86\x89\x42\x87\xd8\x10\xe6\x99"
	"\xd3\x1f\xec\x10\xb7\x81\x11\x74\xa4\xc7\xd0\xf5\xcd\xe3\x45\x21"
	"\x5c\xe6\x19\xcb\x35\x34\xa1\x78\x1c\x19\x01\xbf\x27\x1b\x73\x83"
	"\x85\x0c\xd2\xb8\x9e\x65\xf2\x88\xc3\x5b\x46\xb0\x10\xf1\x23\x46"
	"\xf2\xec\xc0\x8e\xd9\x3a\x36\x8c\xd8\xd8\x5c\x2b\xc6\x73\x03\x3b"
	"\xc6\xf3\xec\x98\xcd\x15\xf5\x84\xce\x15\x18\x73\x9b\xa5\xb7\x86"
	"\x6b\xc7\x84\x4e\x18\xd8\x41\xee\xd6\x8e\x09\x63\x2b\x66\x1b\xd9"
	"\x20\xbe\x1b\x59\x3a\x51\x80\xc2\xd0\xdf\xda\x31\x9b\x2b\xea\x09"
	"\x1c\x3b\xe6\xaa\x46\x5b\x66\x59\x91\xd4\xbe\x6d\x27\xe5\x09\x66"
	"\x35\x7f\xd9\x03\x12\xd4\x48\x68\x98\x19\x05\x72\xb7\x7c\x01\x58"
	"\xf6\x19\x01\xb0\xd6\x10\xd8\x00\x91\x0d\x10\x5b\x00\xb1\xad\x91"
	"\xb1\xad\x91\xb1\xad\x91\xb1\xad\x91\x36\xc6\x21\xe4\x0c\x1b\xc0"
	"\xd6\x48\x71\xfa\xf5\x37\x76\xcc\xc6\xbd\x02\x63\xfe\xde\x3a\x89"
	"\x23\xdf\xc2\x56\x00\xb3\xf1\xcc\xdd\x52\x72\xb8\xf8\xcc\x9a\x82"
	"\x32\x8e\xda\x5f\x0d\xd0\x84\x0b\x9e\xe0\x5b\x31\x91\x65\x3e\x09"
	"\x8c\x38\x94\x7a\x56\xcc\xd6\xd9\x58\x3e\x6f\x1f\x07\x5b\x44\x87"
	"\x52\x60\xa6\x62\xd3\xd3\xe7\xc2\xba\xd1\xb2\x23\xb7\xec\x12\x02"
	"\x61\xe1\x02\x02\xe1\xff\x65\x43\x24\x96\x3a\x0c\xd6\x16\x93\x80"
	"\x56\x64\x6e\xe4\x9b\x07\x3b\x2b\x92\xa5\x9a\x4a\x87\xf1\x5c\x3b"
	"\x26\x3c\x7b\x8e\xa5\xd1\x05\x4b\x36\x51\x71\x1d\xc8\xb2\xf4\x7a"
	"\xd8\xce\xb7\xb0\x6e\x96\x1c\x83\xb0\x6d\xc1\xba\xcb\x26\xf9\x48"
	"\xa8\x77\x45\x75\xbe\xf9\x98\xc3\x38\x67\x51\x60\xfb\xc8\x22\x0c"
	"\x6d\x27\xaa\xc4\xf5\xe2\x34\xb6\x1e\xe0\x98\xeb\xb8\xb6\xaa\x58"
	"\x14\x7b\xb1\x1d\x13\x59\x0e\x16\x62\x90\x63\x9b\xc8\x5f\x12\xcf"
	"\xd9\x5a\x21\x96\x4d\x4e\x40\x7c\xcf\xba\x99\x46\x66\x6e\xc0\x8f"
	"\x45\x62\xd9\xfd\x79\x51\xbb\x16\xbe\x23\x21\xbe\x1d\x12\xdb\x20"
	"\x1b\xcb\xea\x00\x88\xe5\x93\xef\x29\x09\xe3\xd0\x7c\xa0\xb8\xe7"
	"\xae\x67\x11\x0a\xef\x39\x04\x6d\x35\x42\xce\xb1\x1f\xc5\x6e\x6a"
	"\xc5\x6c\xaf\xc1\x78\x57\x60\x7c\x3b\x24\xb0\x41\xf2\x28\x0e\x38"
	"\xbb\x02\x15\x96\x07\x1b\x4a\x70\x82\xe3\xfe\x0a\x50\x76\xdc\x1b"
	"\x6c\x1f\xa4\x03\xe0\xb4\x97\xce\x22\x33\x40\x19\xc9\x57\x05\x60"
	"\xd6\xd5\x1c\xb2\x12\xbc\x31\x06\xb5\x74\x9f\x1c\xba\x2b\xd8\xc5"
	"\xa2\x7e\x04\x8f\x7a\xa9\x45\x71\xb5\x5f\x97\x41\x92\x65\x30\x06"
	"\x86\x6c\x05\x35\x5b\xd3\xc7\x4c\xc8\x87\xea\x1e\xa2\xab\xd7\xdd"
	"\x99\xb2\x4c\x4d\xd3\xb8\x06\xee\x09\x6d\xc4\x5e\x85\xd9\x8e\xe8"
	"\x1e\x01\xa7\x97\x3e\xcc\xc9\xd5\x8f\x0c\x97\x1f\x10\x1a\x93\x60"
	"\x02\xc9\xf8\x1c\xde\x2a\x0d\xd0\xf8\x9d\x00\x00\xc3\x9a\x0e\xb5"
	"\xae\x99\x23\xf5\x9f\xa5\x01\x2e\x3e\x66\x16\xed\xac\x3e\xcd\x66"
	"\xc5\x45\x37\x29\x13\xaa\x0f\x04\x5d\x82\xeb\xec\x7e\xdf\x64\x77"
	"\xeb\x09\x75\x50\xea\x9b\x62\xe9\xd5\xa6\xa9\x07\x1e\x84\x54\xd5"
	"\x74\xde\x55\x0d\xbd\xd3\xbd\x5f\x6a\x2d\x49\x52\xd3\x1b\x5a\x72"
	"\x7f\xe3\xb4\x60\x2c\xf1\xf9\x43\x71\xbe\xe9\x6f\xeb\x9e\x7e\xfc"
	"\xfa\xf3\xfd\x5f\x1a\xb2\x6a\x2b\xb6\x6a\xd7\x68\x14\x90\xd4\x85"
	"\xae\x67\xe6\xf7\x22\x78\xff\x9c\x09\x4f\x8e\x69\x35\xb3\x45\x18"
	"\x4b\x56\x09\xb2\x27\x42\x59\x9d\xc9\x43\x75\xe2\x86\xea\x06\xf7"
	"\x80\x4e\xde\x0a\x69\xb2\x87\x4f\x38\x69\x2b\xb0\xea\xb7\xf3\xd3"
	"\xd7\xf3\xb7\x97\x8f\x7f\xa1\x81\xe7\x20\x70\xe8\xbc\xed\xea\xdd"
	"\xe2\x48\x30\x25\x2f\x30\x62\x1e\x29\x6d\xc0\x72\xd2\x08\x92\x8e"
	"\x47\x75\xec\x04\x57\xc0\x76\x8c\x98\x51\x83\x19\x9a\x16\xa4\xb3"
	"\xe5\x5c\x8f\x9b\x9d\xc2\x8e\x27\x9e\x56\xe7\xf1\xb6\x4e\x4d\x9c"
	"\x63\x6e\x1e\x68\x01\xfc\xd6\xd2\x6b\x24\xa7\x45\x24\x84\x2d\x08"
	"\x8a\xa0\xb7\x2d\x0c\x7d\xc7\xc9\xd8\x0e\x05\x14\x10\x9b\xc6\x5b"
	"\x55\x30\x5e\xaa\xff\xfd\x8f\xa7\x5f\xaf\x2f\x97\xd9\x91\x3c\x7d"
	"\xbe\x28\xd7\x03\xe0\x2e\x99\x18\xdb\x28\x6a\x5e\x98\xbb\x8d\xb7"
	"\xce\xd6\xca\x05\x46\x5f\xb9\x3a\x65\xeb\xcf\xd7\xaf\xb7\x1f\xaf"
	"\x1f\x7f\x7e\xdd\x1c\x3e\xc4\xac\x7d\xff\x58\xc6\xf8\x1c\xa6\x7e"
	"\xdd\x64\x60\x53\x55\x9d\x24\x1b\xd7\x6d\x92\x10\x00\xa9\x62\x8c"
	"\xf6\x11\x83\x7b\x6e\xf1\xf1\xfe\xf6\xfc\xeb\x86\xbd\x7d\x7f\x7b"
	"\xfe\x78\xbf\xd9\x3d\x3d\xff\xfb\xe7\xf7\xa7\xf7\x57\xe5\x92\x84"
	"\xed\xf4\x51\x94\xc9\xbc\xba\x79\x60\x5f\xb2\xb6\x78\x00\xcf\x8d"
	"\x7f\xfe\xf9\xfe\x0c\xa6\x5d\xeb\xf4\x3c\xe3\x78\xed\xd3\x15\x9b"
	"\x80\x32\x92\xf0\x78\xbb\x09\xf4\x82\x98\x04\x30\x3f\x42\x84\xb0"
	"\x91\x8c\xe8\xc0\xea\x42\xf2\xb4\x3a\x08\x10\x0d\xaa\x7c\x9e\x70"
	"\x2f\x8e\x1c\x43\xe2\x4a\x00\xc9\x40\x01\xfb\x3c\x6b\x17\x3e\x3a"
	"\x1a\xd4\x31\x4f\x90\x80\x69\x80\x11\x3d\x18\x6c\x1d\x44\x64\x97"
	"\x80\x74\x1b\x44\x6e\x71\xbe\xc7\x5f\xd3\xd6\x9e\x83\x87\x11\x91"
	"\x1d\xdd\x80\x49\xb2\xce\x73\x1d\xa8\x93\x05\x8a\xf2\x4c\x5f\xba"
	"\xac\x76\x0d\x58\x58\xf5\xca\xd7\x81\x71\x18\x72\x70\x9a\xe8\xbe"
	"\x85\x1e\x5b\xe8\xda\xac\x0a\x17\xaa\xe2\xda\x2c\x47\x3e\x25\x5b"
	"\xc7\xc7\x3b\x1a\xc8\x81\x87\x86\xe8\x98\x41\x4c\x3d\x2d\x21\x81"
	"\x91\x8c\x5c\x4a\x4c\x64\xdf\x44\xc6\xc2\x4e\x48\x72\x5e\xe2\x55"
	"\x0f\x5b\x7e\x5e\x13\xc6\x50\x50\x91\xfc\x3f\x67\xd7\xd6\xdc\x36"
	"\x8e\xac\xff\x8a\x6b\x9e\x76\xab\x76\x6b\x78\x27\x75\xaa\xe6\x01"
	"\xe2\x45\x42\x44\x90\x0c\x41\xc9\x72\x5e\x58\x5e\x47\x99\x71\x9d"
	"\x24\x4e\xd9\xc9\x9e\xec\xbf\x3f\x68\x90\x94\x78\x6b\x00\xd9\x99"
	"\x4a\x1c\xa3\x3f\xe2\xd2\x68\x00\xdd\xb8\x74\xdb\x10\xa4\x52\xc9"
	"\x84\x01\xa3\xe2\xc2\x9e\x06\xc2\xde\x92\x6c\x5f\x3f\xc6\x6d\xe0"
	"\xce\x3d\xa7\xb1\x8b\x92\x45\xf6\xb3\xa7\x48\xb7\x37\xd5\x95\x20"
	"\x23\x8f\x6d\x80\x86\x3d\xc4\x81\x9a\xbd\x23\xc5\x87\x36\x66\x25"
	"\x16\x5c\x17\x30\x87\x94\x61\x45\x03\x39\x8a\x2a\x16\x59\x96\x86"
	"\xee\xab\xe9\x81\x85\x4b\xa2\xbc\x52\xe0\x23\xdb\xc0\x3d\x20\x0c"
	"\x03\xc5\x24\xd6\x01\xa2\x40\x03\xd8\xb8\x6a\x40\xe4\xb9\xe8\xd8"
	"\x07\x72\x30\x7a\x07\x73\x4d\x0d\x2d\x7f\x39\x95\xc0\xe5\x0e\x65"
	"\x7b\xa2\x8d\xe3\xab\xe9\x1b\xcd\xf7\x9b\x08\xa7\x37\x81\xab\xfa"
	"\x3c\x2d\x32\xc7\xde\xb2\x75\x59\x4d\x3f\xc8\x67\x7a\x15\x3e\x1b"
	"\x29\xa9\x27\x5a\xa5\xb5\x7c\x17\x89\x42\xc4\x62\x7e\x44\x89\x55"
	"\x9c\xf9\x62\x4e\xc0\x7b\x6a\xe5\x2a\xdf\x94\xde\x70\xfc\x9e\x7e"
	"\x07\xf0\x2d\x55\xfe\xf0\x3d\x16\xf9\x47\x02\x62\xbf\xf1\x23\x45"
	"\x06\x87\xc8\xc2\xfb\xa6\x2e\xfc\x26\x98\x6e\xc4\x8d\xa8\x60\xe4"
	"\xaf\x69\x09\xdc\x61\x15\xc7\xbf\x92\xd4\xcd\x54\x38\x65\xa2\x63"
	"\x2d\x13\xb7\x96\xb3\x92\xfd\x11\xf3\x75\x25\xe9\xd4\x0b\x83\xb3"
	"\x5a\x47\xe0\xcc\xb7\x70\x35\x85\x1f\x1e\x22\x31\xc8\x1d\xc5\xe7"
	"\x88\x7b\x35\xb2\x3d\xfb\x96\x46\x3f\xe1\x0d\xab\x52\x8c\x39\xf2"
	"\xda\xdd\xbc\xc5\x0d\x6d\x09\x73\x5d\xff\x0c\x7e\xb9\x88\x42\x61"
	"\xc9\x2b\x77\xe3\xb9\x0a\x72\x14\x46\x78\x6f\x8b\x62\x72\xa6\x10"
	"\x76\x92\x33\x24\x08\x01\xf8\xbb\xb2\x2d\xe4\x0e\x55\xe7\x0c\x0b"
	"\xf3\x07\xa9\xf2\x94\x25\x2b\x25\x01\x8a\xd9\xb2\x03\x6c\x2c\x35"
	"\xc0\xb1\x43\x65\xbb\x05\x67\x14\xea\x47\x8f\xf0\x03\x5f\x57\x4a"
	"\xa4\x06\x44\x81\xa6\xa5\x1b\xdb\xd2\x01\xd4\x3a\xce\x15\xa4\x52"
	"\x13\x04\x48\x2c\x92\xc8\x56\x68\x73\x9f\x7b\x96\xab\x10\x62\x01"
	"\x80\x90\xcc\x6a\x29\xbf\xcf\x6d\x27\x74\xd5\x98\x9c\xb9\xbe\x62"
	"\x72\x6b\x62\xd7\x8f\x36\x0a\x86\x31\x85\x9e\x70\x3a\x47\x0a\x55"
	"\x8f\xd4\xf4\x43\x59\x10\x25\x27\x07\x8c\x8a\x91\xf7\x2c\xf2\x14"
	"\xda\x86\x20\xbb\xb6\x5a\x1b\xeb\x21\x9a\x42\x5c\xdf\xd2\xe5\xb2"
	"\xd9\x78\xa8\xce\xed\xfa\xb9\x67\x2f\x0d\x01\x99\x8c\xbc\x62\x1b"
	"\x23\x26\xae\x04\xae\x1e\xb7\x26\x31\xba\xaf\x6e\xb8\xb0\x47\x83"
	"\x37\x44\x17\x9f\xf4\x54\xe6\x0d\xd9\xa5\xeb\x99\x9c\x68\xdd\x1c"
	"\x3b\xb7\x18\xfc\xc8\x90\x1b\xa1\x37\x38\xec\x42\xca\x4d\x48\xd3"
	"\x0f\xc0\x8e\x8d\x90\xc1\x3c\x42\x25\xbe\x8b\x28\x2e\x23\x50\x21"
	"\x7e\x54\xca\x06\x0f\x82\x94\x27\xa5\xbd\xc2\xc7\x2b\x5d\x28\xe4"
	"\x70\x67\x7a\x9d\x25\xbd\x41\x07\x79\x68\x6a\xd4\x23\xfb\xdc\x34"
	"\x60\x61\xb5\x38\xc8\x94\x33\x03\xe9\x8a\xcd\x48\xe1\xbb\xbe\xaf"
	"\x63\x2a\x7a\x09\xf8\x06\xa1\x3c\xdf\xb8\x96\xaf\x47\x05\x4e\x68"
	"\x13\x0d\x0c\x96\xc4\xd0\x36\x01\x39\x5a\x50\x14\x22\xcf\x5b\xa6"
	"\x20\x2d\x0f\xf2\x6e\x66\x33\x40\x05\x61\xa0\xed\xed\xb3\xed\x47"
	"\x06\xa8\x28\xf0\x36\x26\xa8\xc0\x32\x40\x61\x6f\x1b\x66\x28\xe4"
	"\xbe\xcd\x08\x25\x94\x7f\xad\x64\x55\xd9\xf1\x43\x8a\xb9\x48\x1a"
	"\xc1\x4e\x51\x64\x05\x46\xa8\xc8\x08\xb5\xd1\xa2\xee\x99\x06\x01"
	"\x2a\x2c\xb1\x6c\x03\x14\xd7\xb2\x81\xfb\x2c\x0a\x83\x50\x83\x12"
	"\x4b\xbb\x6f\x63\xf1\x35\x27\xb0\xc0\x71\xb5\xdc\xea\x94\x2b\xc7"
	"\x35\x82\x85\x67\x13\x98\x6d\x54\x37\xdf\xf1\x74\xb9\x9d\xe6\x0f"
	"\x43\x11\xbe\x6e\xd6\xe6\xdc\x85\xc1\x31\x25\x75\x66\x07\x42\x72"
	"\xd7\x49\x49\xc9\xad\x91\xcd\x5d\xc7\x33\x97\x5b\x22\xa1\x8b\x7b"
	"\x74\xfb\xbd\x77\xe6\x39\x75\x4a\x47\xeb\x55\x2f\x96\x75\x5b\xa4"
	"\xd7\x2f\x46\x47\x5b\x35\xd8\x78\x48\x7a\xb0\x9a\xfe\xee\xb4\x9e"
	"\x0f\x2f\x8b\x87\x75\x02\x29\x1e\xca\x75\xca\x9e\xd4\xd5\x2a\x85"
	"\x89\xd5\xf8\xb0\x4d\x56\x69\x67\x36\xfe\xe6\xd6\xb5\x50\xad\x13"
	"\x8d\x57\xe3\xb6\xc8\x08\x66\xf2\x4d\x11\x38\x59\x1b\xfb\x21\xfa"
	"\x72\xf9\xf8\xfc\x78\xf7\xf4\xf2\xba\x12\xf9\xaa\xfb\x2a\x26\x4c"
	"\x6e\x86\x5e\x3f\x1e\x1d\x4c\x00\xbd\x0b\x4e\xd2\x36\xa7\x01\x82"
	"\x1c\x62\x00\x16\x1c\x74\x35\x42\x35\x59\x07\x4f\xa0\x35\x81\x97"
	"\x7e\x68\xa9\x3c\xa9\x0d\xca\x8b\xd3\x58\x5b\x10\x73\x98\xcd\xf7"
	"\xe5\x4a\x19\x03\x45\xbe\x92\xc2\x02\x68\xf5\x05\x95\x45\x53\x83"
	"\x0b\xda\x35\xdf\x5f\x27\x9a\xa4\x20\x01\x23\x97\x50\x5d\xd2\xc9"
	"\xcb\x27\x06\x7a\x97\x4a\x92\x93\xe2\xdd\x57\x87\xe9\xd4\x40\x46"
	"\x0b\x19\x80\xae\xd8\xad\xf6\x3a\x64\x0f\x21\xc9\x1c\xf1\x67\xa5"
	"\xf8\xed\x31\x73\x66\xa3\xec\x96\x2e\x3e\x29\xc7\x47\xfe\x37\x4a"
	"\xc2\x04\xf7\x27\xc7\x8b\x0d\x9c\x1e\xb5\x69\x5a\xd5\x2b\x6e\xbd"
	"\x98\x14\xb0\x95\x57\x2b\x1d\xe3\x64\x0c\x5d\x6d\x3f\x42\xfe\x78"
	"\x3f\x8a\x76\x5e\x5f\x26\xaf\x45\x10\xef\x58\x16\x93\x4c\xa8\xb8"
	"\xf1\xaa\x97\xdb\x0e\x31\x7f\x68\x3e\x4e\x15\x2a\x7d\x8c\x50\xfa"
	"\x01\x52\x95\xbc\x11\x1c\x88\x53\xce\x8d\x81\xed\x2e\x99\x78\x9f"
	"\x19\x10\x15\x10\xda\x93\xdd\x5a\xe2\xff\x72\xfb\x0e\x39\x1d\x9d"
	"\x80\x9d\x35\x30\x06\xb5\x3b\xe8\x92\x4b\x78\x55\x79\x53\x6b\x38"
	"\x27\x26\xf4\x2a\x25\x93\x08\xf4\x13\x72\xc3\x27\xfe\x0c\x26\xb4"
	"\x77\x55\xba\x6b\xf9\xfb\x0f\xa3\x4d\x2c\xd9\xf3\xca\x3e\xc9\x28"
	"\x03\xef\x54\xce\xe2\xf8\xbf\x27\xdc\xd2\xfb\x84\xf6\x14\x02\x97"
	"\xae\xe7\x86\x97\xaf\x6f\x2f\xaf\xbf\x8b\xc6\xd2\x4c\xfc\xf2\xfd"
	"\xfb\xf3\xd7\x3f\x87\x1b\x08\x31\xa7\xa3\xa4\xb1\xc7\x3c\x28\xa0"
	"\x9b\x6a\x21\xf6\x00\x15\x86\x1e\x64\x9c\xd6\xee\xba\xcf\x3c\x0c"
	"\x3e\x79\xaa\xdd\x25\xfa\xed\x5a\xc0\xc6\x81\xe6\x8c\x23\x77\xa7"
	"\x90\x0c\x63\x11\x4e\x4a\xfb\x98\xa2\x43\xb3\xb6\x05\x57\x54\x5d"
	"\xb2\x02\x20\xa8\x98\xc4\x14\xee\x20\xe5\x69\xdc\xac\xc8\x26\x10"
	"\x83\xad\xa3\x93\x4a\x80\xf9\xa9\x21\xcc\x35\x81\x79\x7b\xff\x21"
	"\x36\x04\x9a\xc0\x9c\xca\x31\x83\x45\x26\x30\xb7\x32\x6a\x84\x9b"
	"\x1b\x15\xea\xee\x6d\x53\x58\xec\xaa\xc7\xbc\xc4\xbd\xb3\xe7\xa3"
	"\x7d\xcc\xaf\x34\x30\xeb\x26\x33\x58\x66\x56\x75\x66\xc6\x08\x66"
	"\xd2\x3c\xe6\x2b\x9a\xe7\xe4\x66\x15\x5a\xf6\xf3\x1a\x68\xa3\x28"
	"\x49\x64\xc1\x2b\x33\x99\x0a\xf9\xd9\x04\x58\x57\x5b\xd3\xfc\xde"
	"\x1b\x01\x1b\xc3\x82\x1d\x33\x39\x75\x72\x83\xee\x71\x72\x4f\xc1"
	"\x34\xca\xce\x4e\x60\x99\x14\x26\x90\xae\xeb\x9a\x55\x2b\x34\xcd"
	"\xd0\xb1\x7e\x01\x19\xbb\x86\x60\xc7\xde\x98\x22\xfd\xc8\x14\xe9"
	"\x19\xc9\x31\xaf\x1d\x7f\x63\x36\x4d\x12\xd3\xa6\xdb\x81\x21\xd2"
	"\x37\x43\x0e\x3b\x94\x4a\xd1\x21\x71\x83\xaf\x42\x40\x24\x87\xd0"
	"\xf5\xb4\xdc\xbb\x22\x7d\x53\x64\x68\x9b\x20\x93\xfb\x4d\x68\x7b"
	"\xa6\xc8\xc8\x32\x44\x46\x96\x67\x8c\x0c\x8d\x5b\xe4\x98\x20\xf3"
	"\x38\xda\x44\x8e\x1d\xea\xbb\x45\xe6\x79\x46\x06\x35\x00\x3e\xc4"
	"\xbe\xeb\xea\xf3\x11\xb0\x60\x98\x50\xa7\xd4\x2c\x27\x7c\x8f\x77"
	"\x7f\x47\x86\x13\x10\xfd\xd4\xd1\x61\xbb\xa3\x60\x75\x95\xfa\x42"
	"\xbb\x1d\x0c\xa4\x75\x1d\x46\x5e\xa8\x34\x2a\x57\xba\xba\x34\x01"
	"\x1e\x9a\xc4\x09\x36\xda\x8e\x2a\xaf\xba\x99\x32\xcb\x6a\x27\x8c"
	"\xed\x6a\xff\xa0\xb0\x05\x92\x6a\xcd\xf2\x20\x19\x6f\x88\x32\x6f"
	"\x02\x11\x01\x85\xb6\x89\x48\x56\xa7\x81\x3e\xbe\x5d\xee\xb2\xcb"
	"\xe3\xf7\x1f\xaf\x97\xb9\x62\x9d\x3c\xbf\x5e\x9e\xbe\xdf\x81\x1a"
	"\xfa\x4f\xca\x07\x97\x87\x23\xd4\x48\xc7\x4d\x68\x2d\x5a\x0a\x8a"
	"\x7b\x6f\x60\xaf\xf5\x08\xe8\xb3\x3c\x26\xc2\xf6\x6e\x67\x11\x56"
	"\xe7\xd0\x1b\x50\xe8\xdf\x76\xbb\x1e\x8f\x75\x0d\xeb\x00\x76\xa5"
	"\xec\x26\x29\x4c\xf2\x1a\x60\x8b\x6c\x46\x85\xd8\xad\xe3\xc8\xbf"
	"\x91\x23\xbd\x1b\x52\x18\x7a\x7a\x88\xad\xc5\xb8\xad\x01\xc4\xd1"
	"\x62\xbc\xd6\x00\x62\xaf\xde\x68\xbb\x21\xfc\x76\xb4\x99\x78\x12"
	"\x1c\x83\x46\x4e\xcd\x9d\xfd\xbd\x90\x3c\xda\x3f\xc9\x9a\x92\xba"
	"\x77\x13\xed\xae\x2e\x8f\x13\x99\x4e\xe2\x4a\xda\xd0\x0b\xf1\x3c"
	"\x5d\xbe\x7e\x7c\x79\x5d\x11\xd0\x9b\x31\x9c\x82\x23\xc6\xe1\x45"
	"\xc1\x9a\xdd\xdb\x01\x58\x3c\xb9\xc1\xdd\xa7\x56\x7c\xf5\xe6\x6a"
	"\x1a\xc3\xb0\xe9\x65\xe2\x38\x89\x5a\xde\xa5\x75\x5b\x28\xc3\x4e"
	"\x87\x30\xa7\x49\xad\xc3\x64\xb5\x18\x18\x13\xc9\x04\x8f\xe4\x05"
	"\x2d\x0b\x7c\x30\x5c\x11\xb1\x6d\x02\x72\x4c\x40\xae\x01\x28\x89"
	"\x93\x18\x85\x55\x75\xda\xef\x34\xc0\x7e\x30\x44\x0c\xd9\x3e\x20"
	"\xa3\xaa\xef\xef\x3a\x6d\xd2\xa2\xe9\x5b\x3a\xf2\xce\x27\x66\x8b"
	"\xd9\x30\x83\xa4\xec\xbe\x3d\x56\x09\x69\xd2\xb6\xd9\x0b\xc6\x26"
	"\x48\xde\x24\x6b\x21\x66\xc6\x68\xbe\xb9\x46\xe8\xaa\xe3\x7d\x2b"
	"\x7a\xb0\x86\xb8\xf3\xf1\x1e\x36\xdd\x46\xdb\x93\xc3\x3e\x83\x9c"
	"\xcb\x51\xd4\xa4\x46\x20\xba\xf5\x11\xe2\x7a\x70\x4f\x35\x6b\x6d"
	"\xb9\xd0\x98\x90\x03\x9c\x09\xc4\xd6\x43\x1c\x83\x82\xce\xf8\x44"
	"\x96\x14\xb2\x9c\x95\x99\xb0\xa3\xac\x67\x3f\x6b\x6c\xb0\x16\x63"
	"\x06\x86\x31\xdd\x15\x69\xd2\x6e\x69\x41\xea\x89\x47\x2c\xb9\xdb"
	"\xd1\x15\x93\x27\x47\x43\x85\x75\x7b\x8c\x0f\xea\x59\x19\xb2\x65"
	"\xf1\x71\x1c\xd6\x03\xe4\x4a\x46\xf5\x10\xe9\x6b\x4b\x0e\x04\x77"
	"\xea\xbe\x46\xb6\x21\xaf\xbb\xad\xd8\x2e\xe4\x6d\x3b\x56\xc6\xae"
	"\xce\xb1\x37\x4d\x1d\x7a\x70\xbf\xcd\xfd\xaa\xdd\x21\x0f\xe2\x96"
	"\x48\xd8\x4b\x33\x84\xb2\x2c\x36\x40\xf6\x3b\x47\x3b\xae\x04\xef"
	"\xc5\xf4\x77\xd4\x6d\x11\x72\x7c\x1f\xb5\x5b\x0c\x26\x2c\x13\x1c"
	"\x95\x1e\xca\x7a\x76\x2e\x9d\xfa\x75\x47\x16\x97\x8f\x77\x8c\xc5"
	"\xbf\x73\xb8\xfa\xda\xbb\xcc\x1e\xdd\xc7\xef\x4e\x12\x48\x42\xaa"
	"\x66\xd6\x25\xfd\x19\x03\xf5\x42\xe4\xce\xea\x0d\x60\xaf\xed\xee"
	"\x75\xe4\xba\x89\x03\xc7\x76\x8b\xa9\xe7\xf4\x51\xea\xf8\xb1\x44"
	"\xcb\x6a\xec\x86\x2d\x50\x13\xbe\xad\x15\x35\x61\xe4\x4c\xe5\xbf"
	"\x54\xb5\xdd\x93\xfa\xa0\xa3\x3b\x68\x0d\x0e\x29\xe6\x2c\x0f\xa8"
	"\x35\x81\xd0\x76\x45\x89\x02\x18\xd9\x60\x27\xb6\xb2\xf4\x26\x25"
	"\x7e\x88\x38\x59\xec\xeb\x47\x48\x18\x5a\xc1\x5e\x99\x49\x16\x44"
	"\xc8\x65\xf3\x0e\xd1\x5d\xa0\x5a\xc8\x4b\x73\xf9\xf9\xf8\x76\x47"
	"\xbf\xbe\x7d\x7f\xfd\xf1\xe5\xf2\xf5\xfb\xdb\x1d\x00\xa3\x9f\x77"
	"\x19\xeb\x8f\x28\xee\xfe\xc6\x9b\x3b\xf9\xe8\x65\xe2\xd1\x3f\x7e"
	"\x10\xeb\x13\x87\xcd\xd3\x9a\xcd\xdd\x5e\x8f\x8e\x39\x1e\xbf\x3e"
	"\x3d\x7f\xfe\xfc\xf8\xfa\x9f\x5b\xe0\x80\xef\x3f\xbe\x8a\x9f\xff"
	"\x10\x48\xd8\x6b\x16\xff\x78\x76\x9e\xc4\x6f\xdf\x9e\xff\x71\xf7"
	"\xe9\x55\xe8\xbe\x42\x15\x79\xfb\xfb\xfc\xcc\x8d\x1f\xb7\x49\x7d"
	"\x92\x01\x29\xae\x36\xd0\xf4\xd0\xad\x69\x48\xbc\x9f\x0f\x24\x5a"
	"\xf7\xb7\x8d\xba\x77\x76\x3f\x3e\x3e\xbf\xdc\x7d\xbc\x3c\xbd\x7c"
	"\x94\x35\xf8\xf6\xfa\xf2\x74\x79\x83\x4a\x48\x37\xc6\x5f\x9e\x7f"
	"\x8e\x1e\xdc\xd5\x09\xbf\x42\x87\xb4\xd3\xf3\xc7\xcb\x0b\x92\x0a"
	"\x39\x3c\x4e\x0a\x98\xd2\x2f\x5f\xa7\xa9\xf1\xe3\x97\xcb\xeb\x63"
	"\xcf\x85\x51\x68\x17\x49\xcc\x3e\x3f\xbe\xfd\x35\x4f\xec\xf2\x79"
	"\xfe\x22\xaa\xfd\xef\x0b\x74\xd6\x1d\xc4\x59\xb8\x92\x65\xeb\x7e"
	"\xef\x40\x4f\x2f\x02\x25\x9a\x06\xaf\x72\x26\x20\x9e\xd4\x77\xb2"
	"\x03\xa6\xc9\xec\xf9\xed\xe9\xf2\x19\x5e\x08\xbd\x40\x04\x8f\xcb"
	"\xe7\x6f\x73\x44\x77\x32\xf0\x76\xf7\x03\x5e\x3f\x89\x5c\xdf\x5e"
	"\x9e\xda\xa7\xae\x09\x5d\xcf\xce\x7b\xac\x39\x16\xe3\x73\x8f\x51"
	"\x22\x84\x0b\xa8\xc6\xa1\xaf\xc6\xb4\x26\x21\x91\xb3\xb1\x14\xc4"
	"\xf0\x8c\x12\x6d\x41\xb5\x51\xea\x26\x8a\x42\x84\x28\xc7\xa0\xad"
	"\x22\x22\x5f\xb2\xc6\xb1\xce\x48\x85\xce\xb1\x63\x39\x11\x46\x83"
	"\xc0\xcf\x18\xcd\x43\x69\x2c\xf6\x3c\x1e\xc9\x3b\x03\xdd\xf8\x7d"
	"\x79\xf9\xfc\x06\x7e\xb6\x85\xac\x5c\x3e\xbf\x7c\xbb\xfb\x7a\xf9"
	"\xbf\xdb\x30\x1a\x0f\xd8\x26\x41\x3c\x88\x01\xa1\x2d\xca\x86\x66"
	"\x74\x7a\x58\x2b\xbf\xde\xbd\x3e\x7e\xfb\x0b\xde\x92\xcd\xc2\xbd"
	"\x90\x9a\xdd\xed\xaa\x23\x58\xab\x9f\x9e\xff\xfc\xf1\xfa\x08\x2f"
	"\xc0\x46\x32\x40\x72\xda\x26\xc9\x01\x8c\x3c\x3e\x7b\x0c\x2b\x69"
	"\x5b\x2a\x14\x75\xb1\x90\xd5\xb6\x55\x21\xf6\xd2\x14\xe6\x98\xc1"
	"\x3c\x33\x58\x60\x06\xdb\x54\x56\xfb\xde\x00\xe8\xcc\xf2\x5b\x05"
	"\xb9\x4e\x35\x16\x31\xa0\x31\x9a\xec\xc8\x34\x6e\xaa\x4c\xdf\x75"
	"\x97\x40\x54\xc7\xc0\xa3\xcf\xdb\xe4\x94\x71\x3d\xaa\x7b\x60\xdb"
	"\x85\x0a\xc4\xd1\xfd\x53\x68\x05\x80\x91\x36\x9b\x07\x43\x18\x03"
	"\xd2\x33\x6c\x88\x2c\xda\x24\xc3\x9b\x88\x49\xfa\x80\x67\x5d\xd5"
	"\x59\x5c\xc0\x26\x27\xfc\x11\x84\x84\x20\x5e\x5a\xfb\x9a\x62\x57"
	"\x02\x24\x59\xd6\x51\x07\x2a\x4a\xf9\x13\x07\xf0\x07\xde\x08\xed"
	"\x54\xc3\x34\x47\x0c\x21\xf9\x1a\x5d\xd1\xb6\xfb\x5a\x3e\x47\x0e"
	"\x03\x1f\x3f\x16\x05\x75\xba\x10\xea\xf4\x1f\xbf\x6d\x22\xc7\xfa"
	"\x6d\x3a\x9a\x4e\x19\x9f\x89\x4f\xe7\x1c\x93\x3f\xac\xa7\x1f\xd2"
	"\xba\x48\xf3\xab\x9f\xf5\x69\x75\xde\x95\x42\xb7\x3a\xb2\x0a\xeb"
	"\x44\x61\x11\x82\x67\x84\xc5\x77\x70\x0d\xa2\x7e\x68\xb3\x63\x9e"
	"\x3f\xb4\x10\xe7\x00\x71\x91\x78\x15\x95\xed\x31\x83\x8b\x4a\xad"
	"\xf4\xe5\xc9\x84\x15\x8b\x95\x38\x80\xfb\x30\x9a\xd7\x40\x62\xd3"
	"\x2c\x49\xbd\xa5\x4d\x6a\x30\x36\xf6\xf7\x6d\x5a\xd7\xa4\x21\xad"
	"\xed\x45\xbe\x60\x27\xcc\x71\xc2\x9a\xcd\x84\xf2\xa0\xaa\xf3\xf2"
	"\x3b\x69\x6d\x49\x07\x02\xd2\xaf\x7c\x41\x1a\x7a\x52\xc8\xc2\x2e"
	"\x65\xbe\x68\x08\xcd\x15\x85\x0c\xdd\xdd\x6d\x80\xd4\x72\x93\x84"
	"\x16\x43\x08\xd1\x5f\xff\x8e\xd4\x0c\x63\xeb\xf5\x1e\x48\x27\x57"
	"\x97\x9f\xff\xf9\xfa\xf2\xf6\x5b\xff\x58\xfa\xf3\xe3\xf7\x4f\x2f"
	"\xaf\x5f\x84\xf6\x75\x79\x7a\xfe\xf4\xfc\x74\xf7\xf2\x0d\xe6\xf1"
	"\xb7\xd9\x44\x3e\xdc\x81\x00\x26\xcc\x44\x6d\x38\xcf\x5f\x0a\x67"
	"\x4f\xa9\xd8\x7a\x7a\xdd\x54\x6c\xd1\xbb\x3d\x8d\x66\x55\x89\xcf"
	"\x2e\x12\xf2\xbe\x44\xca\x5b\x38\x40\x18\x13\xb7\x0d\x6f\x59\x89"
	"\x34\x01\x06\x0d\x46\x82\xdb\x0a\x4d\x9d\xa6\x58\x8d\xf3\x3c\xd6"
	"\x54\x38\xce\xc1\xcd\x01\x5f\x4a\xb4\x5c\x7a\x1f\xda\x63\x43\x73"
	"\xca\xa5\xe7\x08\xbc\xff\x1b\xbe\x33\x15\x0e\xce\xe2\x21\x6b\x58"
	"\xa7\x75\x5f\xdd\x93\x43\x7a\xac\x7a\x39\xbf\x27\x5a\xfc\x56\x02"
	"\xeb\x8a\xb5\xf7\x7b\x9a\xc3\x96\x0e\xaf\x84\x38\x82\x4f\xf0\x23"
	"\x53\x8c\x0e\x19\x8b\xc2\x4d\xda\x2a\x25\x07\x59\x3f\x6d\x49\xc7"
	"\x82\x76\x17\xce\x56\xc2\x98\x0c\xf2\x7b\x13\xdb\x6e\x47\xfd\xf2"
	"\xaf\x1f\x7f\xce\x13\x6f\x46\x8e\xd4\x55\x10\x51\x1f\x2d\x41\x55"
	"\x4d\xd9\x6c\xe3\x65\x0e\x11\xd3\x41\x43\x95\x8b\xd4\x64\x49\x03"
	"\xc3\x05\xbc\x0f\xf5\x13\xf4\x9a\x4b\x8b\x97\xd7\xff\x7d\x7c\x7d"
	"\xf9\x31\x53\xde\x6e\x53\x5f\xbd\x90\x90\xc1\xe0\xd9\x11\x40\x8c"
	"\x2c\xa0\x2e\x01\x4c\x64\x90\x00\xfe\x87\x1d\x8c\x76\x82\x6b\xb6"
	"\xe6\x86\xe4\xee\x6f\x9d\x8d\x14\xbf\x54\x83\x6d\xf4\xf7\x85\x8a"
	"\x37\xce\x04\x62\x4b\xf7\x11\x37\xd7\x5f\x54\x76\x7d\xb8\x4f\x6a"
	"\x50\x60\x3b\xfd\xa3\x2c\xc4\x3a\x50\xc9\x00\x31\xcb\x88\x5f\x30"
	"\x3b\x0d\x4a\x67\xef\xd7\x63\xe9\xe4\x64\x57\x93\x6a\x4f\x63\x0e"
	"\x5b\x40\x83\x26\x9c\xbd\x0a\x6b\xe4\xee\x5f\x3f\x3e\x7d\x82\x58"
	"\x51\xf3\x0f\xb3\xed\xb8\x1b\x07\xa3\xb5\x15\x9a\xf5\xda\x7a\x94"
	"\x6d\xdb\x98\x25\xe0\x5c\x75\xb4\x91\xd9\x2b\xc9\x13\x79\x10\x89"
	"\x09\xf2\x80\x4e\x90\xa4\x5b\x93\x53\xca\x89\xe2\xaa\x1e\x14\x25"
	"\xfe\x64\x34\xcf\xeb\x89\x59\xdb\x13\xe2\xb2\x7a\x10\x35\x25\x0b"
	"\x82\x90\xcd\x5d\xba\xcd\x69\x33\xab\x0f\xd0\xea\xf4\xd4\x56\xf4"
	"\x9c\xe6\xe0\x02\xac\xdd\x3e\x34\x29\x56\x45\xa1\x1c\x5c\xcb\x56"
	"\x61\x86\x6a\xa8\x30\xd7\x1a\x61\xa0\xaa\x2e\xc1\x2c\x17\x2b\x64"
	"\x03\xbf\x1e\x0b\x10\x83\x14\x9e\x46\xe1\x19\x8b\xa5\x2b\xa5\xbb"
	"\x42\x28\xaf\xc2\x08\x2a\x94\xcd\x28\x2b\x8e\xd2\xc5\x60\x80\x68"
	"\x45\x08\x99\x11\x78\x26\x9e\xa2\x9f\x83\x9e\xb3\x88\x17\x37\xfa"
	"\x5c\x7c\xdb\x87\xcc\xe4\xb3\xde\x10\x93\xba\x64\x49\xb3\x26\xed"
	"\x13\x91\xfd\x6b\x88\xad\xb9\x72\x33\x14\xba\x95\xd6\xf5\x11\xad"
	"\x60\xc5\x1c\x8c\x24\x54\x83\x38\x8f\x13\x8c\x1c\x3f\x6c\xd3\xda"
	"\xb1\x90\x1d\x38\xf8\x9e\x53\x08\x93\x8b\x76\x2a\x65\xbc\x41\x89"
	"\xa5\x58\x13\xf0\xb0\x86\xd0\x31\x76\x22\x5d\x0c\x60\xf4\x42\x08"
	"\x0c\x45\x85\xa3\xa6\x27\x94\x46\x43\xcf\xc2\xfb\xbb\xa9\x4b\xb4"
	"\xcc\x9a\x24\x69\x89\x8a\x1a\x69\x1e\x6c\xc4\x09\x60\x47\x45\x9b"
	"\xea\xa2\x14\x72\xc2\x9c\x38\x03\x95\xa2\xdc\x2b\xd2\x52\x8c\x39"
	"\x8a\x4e\x40\x87\x87\xba\xc4\x68\x6e\x92\xa1\x1c\x38\x95\x65\x52"
	"\x22\x2f\xc3\x80\xdc\x44\x81\x83\xb6\xa6\xa9\xc5\x18\xc7\xe5\x05"
	"\xdb\x8b\x95\x52\x8c\x66\x1a\x0b\x31\xc6\xe2\xf7\x49\xde\xa2\x3c"
	"\x80\xc7\xd5\x47\xbc\xa9\xc7\x24\x47\x25\x68\xcb\xda\xdd\xb9\xf1"
	"\x7c\x7c\x70\xf4\xf7\x76\x50\x39\x13\x3a\x63\x59\x94\x0c\xad\x37"
	"\xdb\x0a\x4e\xe2\xd2\xbf\xad\x4b\x92\xf0\x7d\x9a\xe2\xdc\x3c\x96"
	"\xed\xc1\xde\xac\x1e\x51\x49\xd9\x99\xee\xb4\x0d\xfa\x6c\x75\x1c"
	"\x3f\x56\xb9\xa6\x56\x8b\x34\x79\x41\x37\x11\xd9\x2c\xd1\x94\x0b"
	"\xd3\xe2\x61\x7a\xda\x37\x28\x93\x54\x28\x04\xc3\xf1\xe2\x82\xda"
	"\xa9\x8e\x30\x69\x2e\x48\x7b\xba\xed\x0c\xac\xe9\x8e\xd1\xa0\x42"
	"\x77\xa7\x87\x12\xd4\xc6\x45\x83\xdb\xd1\xa3\x7c\xfa\xd3\xcd\x5b"
	"\x51\x79\xb9\xdb\x81\xcd\xb4\xa5\xbb\x04\xcc\xbc\x89\xd6\x3f\x34"
	"\xae\xfc\x90\xae\x54\x80\x64\xdb\x58\xb1\xa3\x30\xf0\x2c\x65\x60"
	"\xf0\x62\x4f\x57\x07\xd4\x31\x6f\xa8\x98\x19\xcb\xfc\x88\x34\x77"
	"\xb8\x14\xd6\x73\x5a\x55\x64\x2e\xb8\x0d\xab\x0f\xe5\x0d\xb2\x33"
	"\x33\x1c\x8f\x23\x2d\x13\x26\x03\x47\x9c\x02\x0e\x2c\x11\x42\x20"
	"\xaa\x02\xe6\x95\x0a\x26\x4f\x95\x84\x7d\xdc\xce\x37\x91\xae\x9e"
	"\xf6\x20\x10\x10\xd8\x61\x9d\xad\x3b\x5f\x2f\xb1\xa0\x89\xb2\x78"
	"\xa1\x94\x29\xc2\x2a\xf6\x2d\xec\xf7\x0f\x30\x3b\x6a\x06\xcb\xf0"
	"\xb0\x9e\x3d\xb0\xdf\x46\xf1\xda\x0d\xde\x99\xd2\x79\xe0\xbe\x1c"
	"\x8d\x9f\xeb\x95\x85\xe4\x2c\xf7\x59\x16\x22\x56\xe5\x79\xcb\xf3"
	"\x34\x9d\x5c\xd0\x20\xa7\x92\x8a\x26\xf2\x4a\xe8\x9a\x94\xa7\xaa"
	"\xfb\xf3\xc0\xc6\x3c\x4e\x16\xf9\x76\xf7\x41\xda\x8a\x88\x4a\xaf"
	"\x74\xf4\xf5\xc3\x96\x07\xa9\xbb\x27\xce\x41\xd9\xe9\x53\x74\xe6"
	"\xfd\x02\x98\x04\xbf\x02\x8e\x0c\xda\xda\x43\x37\xda\x66\x11\xe2"
	"\x98\x95\x0d\xce\x1a\xe5\xf8\x5a\xbf\x9d\x32\x9e\xe4\xe4\xbc\x31"
	"\x3e\xd1\x98\xd3\xfb\xf9\x64\x39\x85\x8a\x72\x84\xfd\xb3\x9c\x63"
	"\x64\x2d\x58\x52\xd0\x54\x58\x51\xe3\x79\x72\x90\x1d\x92\x4d\xde"
	"\xc2\x0c\xc9\x94\xc7\xf2\x34\x60\x31\x14\x50\x96\xcc\x77\x00\x97"
	"\x88\xd5\x47\xfb\x0b\x98\xb0\x02\x6a\x65\x3e\xa2\x5a\xb4\x50\x4e"
	"\x8e\x92\xeb\xc5\xda\xbc\x28\x25\xb6\x25\x42\xfe\x13\xca\xc4\x62"
	"\xbf\x5b\x6b\x7b\xc2\x8f\x8a\xc9\x6d\xcf\x26\xe3\xa1\x81\x0d\x89"
	"\x1c\x26\xa3\xd9\xce\xd5\x95\xc1\x65\x22\x56\xa3\xd5\x72\xba\x8e"
	"\x05\x93\x45\x98\x47\xea\x29\x6f\x3e\x48\x5c\x53\x51\xce\x48\x38"
	"\x19\xfc\x71\x73\xad\xab\x6a\x06\x4f\x68\x77\xab\x66\xd9\x9e\xaa"
	"\x8c\x31\x92\xe0\x29\x46\x12\xd6\xb4\x98\x5a\xf7\x69\x7c\xe0\x47"
	"\xb6\xc6\x8c\x38\x36\x98\x76\x93\x87\x82\x80\xeb\xb5\x7d\x5e\x31"
	"\xb4\x77\xaf\x86\x94\xf8\x3d\x6e\xdd\xf1\x95\xb6\x81\xe3\xb0\xdb"
	"\x4a\x8b\x6c\xb4\x49\xd7\x7d\x7a\x35\xbe\x57\xda\xdc\xf9\xa5\x1b"
	"\x32\xea\x2b\x02\x73\xf2\x6c\x75\xe1\x5c\x58\x1b\x88\x73\x2a\xa9"
	"\x2a\x86\xf6\x5a\x30\xf8\x5b\xad\x65\xcf\xcd\xaf\x38\xc9\x91\x21"
	"\x58\x3b\xec\x13\x4e\x9e\xdf\x0a\x5a\xee\x65\x96\xe5\x78\x4e\x83"
	"\xf8\xbf\x96\x18\xc6\x9d\xc8\xdd\x65\x88\x9f\x02\x09\x69\x4e\xae"
	"\x6f\xbd\x3f\xa1\x00\x61\xa7\x6d\x1c\xc4\xa5\xc0\x40\x77\x91\xfb"
	"\x8b\x72\xf0\x26\xa5\xe3\x31\x94\x7c\xda\xed\x1c\xcf\x75\x88\x87"
	"\x22\x94\xc1\x50\x7b\xa1\x0f\x5c\x86\xd7\x20\x4f\x36\x58\x84\x39"
	"\x20\x13\xc6\xdd\x60\x93\xed\xac\x40\xc5\x47\xdf\xb2\x0f\x99\x82"
	"\xd5\xfb\x73\xe4\x4e\xe3\xaa\x2d\xba\x19\xeb\xcd\x1b\xa2\x77\x9b"
	"\x8b\x84\x4c\xbb\x0a\x39\xf2\xa2\x7f\x84\x60\xd1\xc6\xb3\xdb\xfb"
	"\x1c\x39\x92\xb8\x21\x49\x52\x45\x51\x60\x99\xa0\x42\x1d\x2a\x67"
	"\x6e\xe0\x22\x11\x95\x66\xa8\x8d\x0e\x54\x45\xbe\x7f\xd6\x80\x50"
	"\x2f\x1d\xa3\x7c\x4e\xbe\x63\x85\x79\xa5\x81\x6d\x93\xc0\xb6\x42"
	"\x1d\x13\xea\xf8\x1c\x17\xeb\xea\xdf\x69\x47\xe0\x3e\xf7\xba\xca"
	"\x27\x96\xf8\xb5\x73\x07\x5e\x1e\x8b\x64\x7a\xeb\x4d\x24\xb4\x25"
	"\xe7\x0b\x87\x44\x03\xa0\x18\x2d\x44\xe2\x17\x19\x16\xbb\x9e\x26"
	"\x55\x31\x9b\x26\x24\x8c\x74\x51\xea\x97\xa4\xfd\x7d\x92\x56\xd3"
	"\xa4\x9a\xdc\x33\x9a\xd0\x69\x22\x1c\x9a\xc9\x6b\x39\x65\x96\xe5"
	"\x25\x99\x55\xe2\x1d\x99\x2c\x82\x7d\x8a\x98\x6d\xab\x63\xd3\xce"
	"\x43\x99\x77\x0d\x04\x05\x69\xbd\x7d\x50\xc9\x6b\xb3\x26\x9f\xed"
	"\x6b\x99\x8c\x7c\x36\x4c\xcf\xf2\xa9\x36\x9f\x56\x07\xb6\xaa\x85"
	"\xa5\x9f\xf0\x3f\x5c\x67\x9c\x3e\xcc\xf5\x65\x9e\xc0\x9d\xe7\x19"
	"\x1f\x6b\x58\xf5\x66\x39\x9d\xc0\x11\x9f\x58\x49\x80\x38\xd5\x7d"
	"\xa6\x54\x5a\x34\xeb\x0a\xb0\xac\x2a\x6a\xe9\xc9\x4a\xa5\xef\x8f"
	"\x60\x3c\xd4\x28\xa2\xac\x72\x57\x6e\x90\x73\xe4\x3c\xbd\x07\x79"
	"\x6b\xa0\x71\x3d\x96\x77\x27\x65\xf2\x91\xb1\x07\x34\x5f\x02\x81"
	"\xe8\x51\x2a\x6b\x2a\x72\x52\x34\xad\xa6\xc2\xf0\x3c\xda\x81\x8f"
	"\x45\x7e\x80\x3c\xaa\xe3\x2c\x18\xc3\x44\x3a\xe8\xbc\xbe\x24\xb1"
	"\x23\xc4\x4d\x8d\x24\x37\x94\x9e\x2b\x0d\x59\x6e\x1b\x30\x1c\x74"
	"\x8c\x22\xdb\x52\x92\x1d\x35\xd9\x55\x90\xef\x1d\x94\xb6\x6d\x22"
	"\xc4\x5f\x89\x1c\x96\xc4\xb2\x91\x45\x4b\x92\x19\xc5\x9c\x36\x4a"
	"\x09\x39\x3f\x88\xe5\x06\xff\x9a\x7b\x0e\x12\x67\xb6\x27\x07\x67"
	"\x45\xd5\x9a\x73\x86\x17\x9d\x90\x3a\x27\x0a\x8e\xed\x64\x9c\x12"
	"\x94\x2c\xf4\x39\xe5\xe7\x5d\xf6\x9e\x3a\x7b\x4f\x93\x3d\x4e\x17"
	"\x76\x30\xc1\x89\x14\xa7\xa5\xf1\xbe\x74\xf1\x91\x4f\x8b\x84\xee"
	"\x4a\x0d\x99\xea\x00\xc9\x3b\x6d\x0e\x67\x6d\x16\x38\x42\xcc\xdc"
	"\xb6\x75\xb0\x95\x73\x4f\x5a\x70\xdb\x0d\x2d\x0d\x1d\x97\xad\x8c"
	"\x45\x16\x4e\xdd\x27\xbc\x52\x12\xf1\x71\x2c\xf4\x2e\x3b\x54\xf4"
	"\x2c\x5c\x15\xcf\xa3\xb3\xa5\x05\xe0\x45\x1c\xca\x7a\x67\x3b\x36"
	"\x3e\xa4\xf3\x32\xc7\x25\x24\x3f\x07\x5e\xe0\x61\xe1\x2f\xa5\x78"
	"\x9d\xb1\x48\xdc\x40\x2e\x98\xe3\xe3\x13\x42\x15\x9f\xf7\xf8\xb2"
	"\x52\xd3\xaa\xa1\x49\x8a\xd3\x59\xea\x3a\x2a\xea\x26\x50\x53\x7d"
	"\x47\xb1\x32\x04\xb8\xc8\x9d\x28\x89\x9c\xb3\x96\xae\x99\xc3\xe5"
	"\xb6\x67\xc9\xf1\xe1\x73\x3a\xa3\xe1\x23\x05\xf5\x81\x65\x6b\xae"
	"\xfb\xf7\xc9\x3f\xe5\xd1\xf6\xc4\x03\xbe\x94\x43\xd2\x09\x0b\xb2"
	"\x8e\x01\xbd\x82\xcb\x50\x39\xd8\x99\xf4\x43\xfa\x47\xe0\x4d\x54"
	"\x93\xb9\x3a\x72\xe4\xdb\x45\x82\x58\x59\x12\x5a\x4e\x93\x87\xdb"
	"\x0d\x23\xea\xa4\x62\x40\x38\x12\x5b\x31\xbe\x00\x11\x13\x4a\xde"
	"\x2b\x11\x41\x46\xeb\x54\x89\xd8\xd3\x0c\xbb\xdc\x26\x97\xb6\x38"
	"\x41\xcf\x07\x87\x2c\xaa\x32\xd1\xd1\xf7\x6a\x04\xdc\x0a\x40\x2f"
	"\x74\x0d\xa0\x13\x11\x7a\xc9\x19\xe9\x29\x5e\xc6\x53\x0e\xc3\x65"
	"\xba\x21\xbc\x89\x42\xb7\x96\x4f\x58\x7a\xbd\x79\xde\x09\x40\x23"
	"\x0c\x22\x15\xa8\x14\x13\x70\xfd\xcf\x91\xbb\x7f\x9d\x1e\x09\x2f"
	"\x79\xe4\x85\x03\xea\xac\xbc\xd9\x78\x89\xfb\xab\xe9\x9f\xe0\x0d"
	"\xde\xeb\xe5\xf2\xf6\xf4\xf8\xf9\x72\x17\x57\xc7\xdb\x6d\xf1\x97"
	"\x2f\x5f\x5e\xbe\x8e\xa0\xfd\xed\x95\x95\x4f\xfe\x67\x2e\xe2\x5c"
	"\xea\xc7\x79\x4b\x78\x8d\xd7\x71\x00\x71\x42\xf5\x18\x6e\x80\xa9"
	"\x12\x9a\x69\x51\xa9\xae\x38\xca\xce\x30\x3c\xd8\x51\xb1\x14\x3a"
	"\x70\xde\x13\x38\xb6\x35\xe7\xee\x4a\x6e\x3b\x5c\x78\x86\xc7\x3d"
	"\x0b\x19\xe8\xdf\xfc\x08\xc1\xc1\x33\x1f\x5e\x10\xa9\x5b\xdd\xa3"
	"\x66\xd5\x5c\xaf\xc6\xec\x80\x6d\xd1\x96\x6b\x91\x2c\x39\xac\x38"
	"\x6c\x55\xe3\xf5\xbd\x33\xca\x56\xdd\x72\xc0\x16\xe5\xbd\x12\x50"
	"\x26\x75\x49\x13\xa3\xea\x75\xd3\xa2\xb0\x13\xfc\x5f\x84\x8b\x55"
	"\xa5\x2c\x7e\xf9\x1b\x72\xde\x44\xbe\x42\x35\x5f\x7e\xb7\x51\x19"
	"\x18\xeb\xf0\x5f\xad\x5a\xf7\xcd\x7f\x57\xb5\xfe\xbb\xd5\x7d\x4c"
	"\xec\x2b\x79\x16\xac\xcd\xdb\xb1\x7a\x5f\xb0\x46\x35\xda\xa6\x0f"
	"\x65\x91\xac\x7c\x81\x49\xfb\x4a\x68\x12\x65\x4d\xfe\x8b\x56\xce"
	"\x3c\x10\x9b\x94\x83\x78\x35\x36\x91\xad\xb8\x4c\x5c\xcc\xd9\xfe"
	"\x75\x6d\xa9\x8b\x84\xe4\x29\x38\x63\x08\x5c\x5b\xd8\xec\x31\xfc"
	"\x34\x68\xd4\xaa\xca\x30\x19\xe6\x70\xe6\xd3\xa6\xa4\x7e\x47\xd6"
	"\x4f\x13\xe6\x19\x6e\xcb\xf3\x72\x5d\x1c\x53\xaf\x4f\x39\xac\x9f"
	"\xa0\x0f\xd8\x78\xd9\x1d\xda\x36\x2c\xb5\x3d\x39\x9a\x82\x13\x38"
	"\xa0\x90\xba\x97\xf5\xd3\x4e\x2d\xf8\x6f\x1c\x47\x30\xee\x77\x17"
	"\x48\xd5\x60\x97\x23\xe7\xd9\x32\x42\x73\x65\x83\x4f\x0d\xbf\xfa"
	"\x44\x6b\xd8\xf3\xd3\xeb\xcb\xe5\xf3\xe5\xe9\xfb\x6b\x1f\x57\xa9"
	"\x61\x42\xc3\x86\x25\xbf\x7b\xf1\x75\x7b\x1b\xb3\xe0\xc9\xb9\x91"
	"\xae\x27\xb0\x95\xe9\xc3\x19\xde\xdf\x28\x6a\x0c\x2f\x27\xc9\x55"
	"\xcf\xec\x4b\x48\xd2\x78\x19\x65\x69\xf8\xe2\x9e\x41\x14\xd2\x6a"
	"\x55\x95\x89\x37\x61\xdb\x7d\xae\x94\xca\x84\x1c\xed\x50\xa1\x79"
	"\xde\x40\x81\x8d\x3a\x12\x5f\x00\x75\x63\x08\x80\xa1\x65\x39\x6a"
	"\xd0\xc1\xb3\x2d\x4f\x07\xf1\x7d\x2d\x24\xb0\x5d\x2d\xc4\xd3\xd5"
	"\xc5\x77\x23\xf5\x04\x2d\x47\xb4\xa3\x2e\x69\xdb\xb4\x3c\x2e\x95"
	"\x10\x39\x0d\xb9\x8e\x01\xc6\x35\xc0\x78\x06\x18\x5f\x21\x93\x2b"
	"\x1e\xe0\x6f\x24\xcf\xc9\x3d\x5d\x45\x05\xc6\xd7\x0b\x4e\x87\x33"
	"\xc9\x2b\xd0\x63\x42\x57\x8b\x09\x7c\x2d\x24\xb4\xf4\x10\xb3\x86"
	"\x85\xfa\xf1\x00\xb0\xf3\x39\x32\xc9\xce\xb5\x5d\x6d\xcd\x5c\x6f"
	"\xa3\xec\xd3\x45\x24\xad\x1b\xc9\x77\x73\x4d\xfe\x62\x35\x72\x6c"
	"\x47\xcd\xc0\x94\x87\xb6\x46\xf6\x52\x1e\xb9\x76\xa0\x85\x38\x7a"
	"\xa6\xf4\x30\x1d\x8f\x77\x0d\x0b\x34\x13\x1d\x2d\x8a\xb2\xad\x0f"
	"\x62\x2d\x0f\x14\xfc\xc3\xb5\x97\x5e\x91\x53\x37\xdc\x48\xdb\x5b"
	"\x53\x7a\xd6\x41\x1b\x2c\x00\xf7\x18\x14\xa8\xbb\x94\x71\xa1\xfd"
	"\xdb\x41\x7b\x1f\x27\x83\x9b\x62\x25\x5e\x58\x09\x76\x10\xd9\x5a"
	"\x4c\xb8\x39\x6b\x7b\x6f\xc0\xe9\xba\x4f\xe0\x84\xbc\x44\xc4\x24"
	"\xc3\x0e\x68\x90\xa3\xe0\xf0\x4f\x93\x0c\x25\x4e\x97\x1f\x68\x76"
	"\x1a\x89\xee\x94\x3f\x2d\x24\x0c\xf5\x5a\xe8\xae\xc9\x7d\xd5\x5e"
	"\x8d\x04\xd1\x3a\xeb\xf4\x47\x03\x55\xc0\xc0\x50\xe4\xcc\x09\x2c"
	"\x47\x5f\xb7\x1e\xa7\x63\xac\xc0\x79\x7e\xa0\x16\x5f\xde\x10\xd7"
	"\x39\x6b\x21\xbe\x86\x11\x0d\x15\xfa\x9e\x7a\xc7\xa0\x21\xdc\xf1"
	"\x35\x6b\x90\xc0\xa0\x21\x85\xc6\x98\xff\x67\xed\x4a\x9b\x1b\xc7"
	"\x99\xf3\x5f\x51\xe5\xd3\xbe\x55\xd9\x94\x44\x8a\x3a\x92\xca\x07"
	"\x12\x84\x24\xac\x78\x99\x20\x75\xcc\x17\x95\xd7\xa3\xf1\xb8\xd6"
	"\xb6\x5c\xb6\x27\xef\x3a\xbf\x3e\x68\xf0\x10\x49\xa0\x01\x25\x95"
	"\xda\xaa\x1d\xab\xfb\x61\x13\x04\x1a\x77\x1f\xf3\xc9\xc1\x8e\x71"
	"\xcc\x65\x2e\x56\xfe\x72\x31\x5f\x9a\x31\xd1\xce\x75\xc6\x3e\x23"
	"\x8e\x6b\xad\xed\x2e\xd6\xd6\x82\x2d\xd6\x9d\x1c\x0e\x37\x22\x2d"
	"\x38\xee\xfa\x8e\x33\xa7\x46\xd0\x3e\x16\x63\xde\xd8\x0a\xb1\x2c"
	"\xb2\x24\x64\x6a\x85\x2c\xac\x2f\xc2\x12\x92\x76\x21\x88\x7f\x40"
	"\x17\xe2\xda\xa5\xb8\x73\x2b\x64\x6a\x97\xe2\xd9\xbf\xc8\xb3\x56"
	"\xdd\x7c\x6e\x97\x32\x9f\xd9\x20\x10\xca\xd1\xa6\x90\x35\xcc\xa6"
	"\x8b\x70\x32\x35\xb6\x16\x7b\x39\x1b\xdb\x21\x8e\x15\x32\x9f\xda"
	"\x21\xd6\x16\x5f\x2e\xcc\xab\xa3\x6f\xf2\xa0\x73\x39\xcb\x1c\x73"
	"\x81\x12\xbf\x5c\x78\xd3\xb1\x15\x63\x3b\xa6\x92\x18\x4b\x8f\x28"
	"\x32\x5f\x6c\x93\xc6\xbe\xa1\x44\xd2\xc1\x40\x1a\x6d\xd8\x30\x1c"
	"\x22\x48\x99\x70\xd5\x9c\x24\x7d\xfb\x6e\x07\xea\xa4\x56\x17\x3e"
	"\x2c\x54\x13\x38\x08\x62\x77\x89\x26\x7e\x9e\x02\xbf\x28\x68\x7e"
	"\x84\x68\xee\x34\x59\x17\x1b\x5d\x4a\x6d\x16\xe6\xfe\xbe\x13\x62"
	"\xaf\x12\xd3\x11\x52\x5f\x33\xb4\x47\x06\xe0\x4e\x7d\xff\x2c\xcb"
	"\xa0\xec\xd3\x01\xef\x4f\x0b\x2a\xa3\xd5\xf4\x8a\xe2\x13\x52\x16"
	"\x69\x49\x90\x32\x08\x7e\xde\x0d\x17\xdf\x92\x4e\xab\xd5\x80\x9a"
	"\x65\xfd\xe4\xcd\x2d\x91\xe9\xaf\x15\x25\x9f\x23\xfe\x65\x92\x59"
	"\xc2\x1d\x18\x52\xae\x80\x46\x5b\x96\x28\x15\x4b\x8b\x34\x13\x45"
	"\x43\x1e\x22\x1b\x9a\xe7\xc7\x7e\xb9\xc9\x86\x89\x5f\xc7\xa1\x24"
	"\x92\xe6\xdc\x67\x39\x22\x28\xcb\xd3\x90\x6d\xe9\x91\x2b\x8f\xc9"
	"\xc0\x29\xe8\x27\x91\xcc\x99\x68\x0f\x10\x25\xf3\xd8\xdc\x07\x75"
	"\x88\x42\x0b\xd6\x69\x92\xb3\x6e\x70\xbd\x2b\x4d\x69\x05\x1a\x73"
	"\x95\x16\x51\x92\xc6\xc3\x92\xd2\x28\x45\xca\x41\xbf\x89\x2f\x1b"
	"\xc2\xd7\x34\x0e\x18\xd2\x3f\x24\x7f\xa5\x0d\x07\x00\xac\x4d\x1a"
	"\x15\x74\xdb\x13\x28\x29\x83\x76\xea\x8b\x2b\x66\x0b\x17\xab\x7d"
	"\x51\x3c\xa9\xb2\xfd\xcf\xdc\x1e\x69\x9f\x50\x92\x28\x5d\x33\xd2"
	"\x27\xee\xfd\xa8\xe8\xfa\x4c\xc8\x97\x1d\x73\xc5\xfd\x07\xe8\x8c"
	"\xf8\xc8\x95\xb7\xe4\x16\x14\x29\x5f\xb1\x67\xc9\xc6\x4f\x06\xc5"
	"\xa3\x09\x67\xa2\xb3\xa7\x03\x7a\x44\xb2\x74\xdf\x37\x68\x93\x64"
	"\x8a\xd7\x75\x44\x93\x74\x87\xb5\x1e\x7c\x73\xdd\xd1\x35\xd4\x53"
	"\xf8\x07\xc2\x10\x3f\xba\xbe\x58\x2d\xbd\xab\x4d\x40\x84\xf8\x81"
	"\x11\xcd\xfc\xd0\x51\x58\xeb\xe5\x74\xac\x10\xf7\x1b\x0a\x3e\xc1"
	"\x43\xa5\x94\x3e\x84\x71\x3a\x88\x11\x59\x71\x8e\xd2\x68\x1c\xf9"
	"\xbe\x98\x41\xb6\xf1\x74\x55\x0c\xe4\xa5\x10\xc9\x8f\x0e\x3a\xb7"
	"\x74\x78\xd2\xe8\x4a\x02\xd7\xef\x49\x98\x0e\xdf\x9d\x14\x0c\x79"
	"\x6d\x52\xe4\x6c\xdd\x17\x92\xe6\x95\x5a\x77\xc7\x05\x3f\x01\x67"
	"\xa5\x28\xcd\xc3\x9e\x2d\x79\x43\xac\xaa\xa1\xf7\xca\x8c\x26\xa2"
	"\x1a\xb4\x8e\x65\x15\x5b\xec\x81\x8f\xc9\x60\x08\xce\xc4\x98\x15"
	"\x11\x65\x5e\xa9\xc9\xa7\x55\x80\xea\x4e\x03\xd1\xba\x17\x6b\x91"
	"\x98\x23\x6f\x0f\x43\x43\x6e\x05\x11\x7c\x38\x8d\x7c\x88\xf2\x98"
	"\x30\x32\x18\xfd\xe0\x32\x92\x17\x4d\xe7\x6c\xea\xf3\x4a\x54\xd4"
	"\x4a\xc6\x4f\x38\x0c\xeb\x25\x07\x9f\xc8\x10\xeb\xae\x79\x4a\x88"
	"\x3f\x50\x27\x31\xf6\x2b\x8d\x7b\xbd\xab\xed\x12\xab\xb9\xa3\x35"
	"\xd2\x4d\x8e\x4a\x99\x78\x46\x29\x38\xf6\x6f\x87\xc5\xe2\x05\x74"
	"\x0d\x31\x89\x6b\x13\x07\x49\x44\x99\x64\x51\xa9\xcc\x32\x79\x8c"
	"\xa9\xe9\x3a\xa7\x34\xf1\x39\xeb\xb8\x04\xb5\x24\xb5\x60\xb1\x9f"
	"\x17\x7f\xa4\xc7\xfa\x15\xcd\x37\x74\xa8\xca\x23\x05\xdb\xa5\x03"
	"\x4a\x9a\x71\xf1\x7d\xc3\x22\x16\x1b\x31\xd8\x61\x33\x42\xb1\xc9"
	"\x4b\x5e\xc4\x3e\x2f\xfa\x03\x5f\x97\x6e\x9a\x1d\x4a\x58\x1b\x9d"
	"\x32\xee\x22\xf2\xf7\x7e\x35\xe1\x75\x49\x8c\xc5\x69\xa1\x0c\x36"
	"\x07\x26\x7a\x1f\x22\xe5\x1b\xcd\xd3\x61\xed\x37\x34\x7c\x8d\xf1"
	"\xed\x18\x8a\x05\x92\x3a\x99\xd4\xf1\x72\x37\x25\xde\x37\xfd\x28"
	"\xc3\x14\x21\xdd\xe5\x83\x6a\x97\x04\xb9\xf2\x83\xe4\xd9\xda\x95"
	"\x67\x65\x68\xa3\x19\x25\x42\x6d\xf0\x57\x09\xae\x4c\xb2\xab\xe0"
	"\x25\x62\xdb\xd4\x97\xdb\x8a\x81\x1b\xa2\x0d\x2a\x26\xdd\x10\x06"
	"\xee\x65\x85\x58\x81\x57\x31\x14\xba\xa1\xa2\x03\xd5\x9b\x45\x5a"
	"\x15\x29\x31\xa5\xc1\x6f\x1b\x26\x26\x9f\x9f\x36\x5d\xa7\xc3\x9e"
	"\xb5\x93\xb4\xf4\x21\x6c\xf0\x5c\x92\x88\x21\x95\xd0\x53\x42\xf7"
	"\x4d\x42\xb6\x36\xe1\x5a\x2f\xec\x20\xd4\x9d\x12\x94\x45\xc6\x00"
	"\xad\x82\x4e\x37\x1e\xae\xc3\x00\xa2\x7d\x8b\x72\x34\x10\x67\x5a"
	"\xac\x4d\x3c\x88\x63\x53\xd0\x88\x21\x6e\x4e\x0d\x2a\x88\xe4\x60"
	"\xcd\x0b\x54\x7b\x00\x09\x63\x30\x38\xc2\x83\xc7\x20\x10\x50\xcb"
	"\x26\x19\x21\x14\x31\x0e\x00\xde\x5e\x36\x47\xe0\xaf\x94\xfd\x8d"
	"\xd4\xb4\xcb\xc7\x67\x13\x2f\xfe\x19\xc2\x9e\xa8\xa1\x23\xe4\xf3"
	"\xb3\xf9\x61\x3c\x86\x86\x43\x94\xe4\x00\x4a\x32\x6c\xd7\x8a\xaa"
	"\xb4\x67\x45\xad\x3d\x7d\x86\x4d\x41\x6b\x41\x78\x15\x1e\x4a\x67"
	"\x32\xde\x64\x46\x10\xe3\xd9\x64\x32\x3b\x58\x31\xee\xcc\x31\x62"
	"\x56\xa2\xc1\xc0\x2c\xc8\x84\x11\x33\x94\x3b\x75\x26\xe6\x42\xdb"
	"\xbe\xaa\xb4\x01\x78\xb4\x98\x98\xdf\x91\x2f\xfc\xd9\xcc\x5b\xce"
	"\x8d\xa0\x4d\xed\x88\x27\x2d\x28\xb5\x1a\x51\x05\xbe\x19\x91\xe7"
	"\xfb\x8f\x0f\x75\xeb\x29\xfb\x63\xd7\xfe\x4d\xf6\xd8\x5c\x06\x5e"
	"\xee\x13\xf7\xa1\xd2\xb6\x45\x4c\x94\x57\x26\x62\x18\xff\xf7\x91"
	"\xfc\xc2\x22\xcd\x21\x88\xc5\xf7\xf3\x1b\x44\x9e\x84\x10\xa1\x1c"
	"\x32\x86\xfd\xf9\xeb\x73\x14\x44\x5b\xe8\xf9\x27\x1e\x8e\x5e\xee"
	"\xbf\x1a\x93\xb6\xfb\xe7\x8f\xcb\xe8\xcf\xf3\xe8\xf5\x7c\xfe\x7e"
	"\xfe\xfe\x1f\x42\xe8\xb9\x27\x69\x73\x7e\x7e\x93\xe6\x6d\x2f\x90"
	"\x8b\xf1\xe9\xf5\xc7\xa5\xff\x21\x35\x6e\x58\xcc\x9a\x6c\x70\xde"
	"\xe8\xa2\x60\x57\x2b\x16\x17\x56\x1c\x78\xf6\xae\xfc\xc0\x8a\x5b"
	"\x89\x09\x9e\x20\xb1\x90\xba\x38\xc6\xc1\xa8\xd2\x0a\x13\x7f\xfb"
	"\x85\x15\xc5\xc3\x30\x1f\x2f\x6f\x82\x21\xc9\x84\xbb\xb0\x3f\xca"
	"\x38\x83\x24\x8f\x56\xa0\x1f\xf9\x65\xe8\x5b\x61\x69\x42\x95\x43"
	"\x0d\x2d\x70\xeb\xe7\xb1\x5d\x5c\x13\x78\x58\x34\x08\xb1\xb7\x07"
	"\x4d\x44\x25\x06\x33\xc7\xc3\xeb\xba\xf4\xb9\xb6\x2b\xb1\x97\xfb"
	"\xc7\xa7\xd7\xc7\x4e\x14\xde\xfe\xc0\x11\x12\x53\xdc\x6a\xb9\x35"
	"\x32\x68\x16\xcb\xf0\x64\xf6\xf2\x79\xd9\xdf\xc3\x9c\x68\xcb\x96"
	"\x5c\x3e\x9f\x7e\x7c\x8d\x7e\x54\xf9\x1a\x06\x3d\x5c\x86\xeb\x1f"
	"\xba\xcb\x02\xa3\x0e\x07\x27\x96\xec\xc3\xee\xde\x84\x7f\xed\x53"
	"\xab\x28\x65\xa1\xd8\xf5\x30\x31\xa1\xc1\x0e\x72\xb0\x76\x68\xbb"
	"\x5a\x31\xc8\x4a\x23\x8b\x11\x17\x57\x8b\x47\x70\x31\x43\x26\x1f"
	"\xf0\xd3\xce\x13\x3f\x32\x15\x59\xfa\x78\x29\xef\x97\x1f\xda\xbc"
	"\xe2\x9a\xf2\xaf\x8b\x10\x2b\x53\x3f\xf7\x07\x23\x9e\x1c\xef\xc0"
	"\xe6\xf9\x14\x65\x10\xc1\x4c\x5d\x52\x40\x56\xcc\xb6\x52\x04\x05"
	"\xe2\x85\xdc\x11\xe4\x03\xaa\xe3\x48\x0a\xc7\x0c\x84\x86\x75\x6d"
	"\x48\xd7\x38\xa5\x4a\x64\x22\x05\x88\x19\xa7\x6d\xf7\xf5\x96\x01"
	"\x0c\x79\x4d\xed\xed\xbc\x17\x05\x4a\x33\x21\x9d\x7d\x6b\xf6\x62"
	"\xad\x5a\x14\x5f\x6f\x67\x32\x8a\xef\x5f\xef\x1f\x21\x7e\xb3\x8c"
	"\xdb\x36\x50\x8e\xe2\x98\x51\xb8\xff\x4d\x7c\x58\x9a\x20\xed\xbe"
	"\x27\xae\xb2\xc8\x12\x34\x59\x7e\x3c\x52\x3b\x20\xd6\x7e\xb8\xa6"
	"\x58\x4b\x4b\x44\x08\x21\x4d\xf2\x34\x6a\x93\x33\xb6\x41\xfc\xd6"
	"\xcf\xbf\xce\xf5\x12\xa6\x89\x63\x3f\x58\x07\xc2\xf3\xc3\xfc\x97"
	"\x2d\x23\x5d\x5d\xc3\xdd\x0c\x0b\x86\x47\x77\x27\x1b\x26\xd6\xe0"
	"\xd4\x37\x2e\x34\xe6\xb3\xb1\xb6\x1b\x42\x11\xf5\xb3\x6c\xe5\x41"
	"\xa7\xcc\x4d\x95\x5f\x9d\xa0\x70\x51\x01\xf8\xe0\x55\xc1\x4c\x3e"
	"\xc6\x1d\x58\xf5\xd1\x36\x94\xcf\x72\x02\xe1\xf7\xac\xb8\x7c\xeb"
	"\x4e\x90\x0b\xeb\x0e\xac\x3a\xf2\xb5\xa1\xc8\xc6\x45\x6e\xa8\x3a"
	"\x20\xb9\xee\xde\x50\xd3\x3c\x57\x01\xc1\x08\x01\xce\xc8\x69\x44"
	"\x8d\xeb\xe9\xe6\xe5\x99\x58\xfb\x1d\xac\xa8\x7a\x3a\x89\x17\x36"
	"\x24\x8d\x07\x59\x24\x54\xc8\xaa\x08\x99\x68\x8f\x14\x69\xf7\x1d"
	"\xc3\x62\xec\x74\x40\x2c\x43\x1c\x3a\xba\x18\xab\x14\x2a\xba\xe1"
	"\x2d\x95\xd4\xe0\x4e\xc8\x90\xd4\xfd\xb8\xc5\xc4\x71\x9d\x1b\x50"
	"\x9e\x6b\xad\xf5\xb5\x0c\xe7\x65\xaf\x8a\xbd\x15\x52\x96\x36\x08"
	"\x5c\x0d\x64\x7e\x72\xca\x4c\x6b\x95\x1e\xd4\x0a\x8b\xb8\xb5\xb6"
	"\xb6\x69\xc0\x44\xdf\x24\xd6\x16\x88\xc5\x5c\x51\xde\x50\xb1\x32"
	"\x96\x98\x15\x94\xf2\x39\x66\x42\x30\x80\x2d\xa6\x76\xd8\xa1\xbc"
	"\x45\x87\x12\x7f\x17\xfb\x89\xb9\x67\x64\x91\xe3\x8e\x5d\xa4\x5f"
	"\x88\x49\x68\xb6\xf0\xac\x1d\xf0\x8e\xf8\xa5\x55\xb3\xee\xc4\xf4"
	"\x02\xc7\x17\xd6\x51\x33\x23\xd9\xe2\xe0\x59\x61\xfe\x8a\xda\x07"
	"\x60\x08\x18\xbd\x67\xb9\x18\x98\x38\xb7\xa2\x8f\x71\x90\x46\x36"
	"\x94\xbd\x3b\xca\xc0\x8d\x7f\x60\xe1\xd4\x3b\xc0\x83\x18\xf9\x53"
	"\x6b\x7d\xc0\x92\x22\xb5\x6a\x7e\x1a\x27\x2c\xa1\xc5\x2d\xc2\x88"
	"\x5d\xda\x01\xce\xe1\x4e\xb1\x55\xdc\x9e\xf1\x4d\x90\x26\xf6\x86"
	"\xe0\xe5\x64\x6c\xd5\xea\xbb\xc2\xda\xd7\xca\x2c\x9c\x2f\x56\xe3"
	"\xb9\x6b\x15\xa6\xec\x32\xdb\xb5\x41\xff\x6c\xeb\xbb\xfe\x64\x86"
	"\xc6\x6c\x86\x97\x46\x70\x1d\x7c\x26\xf6\xc3\xb2\x30\xf6\x87\x1d"
	"\xa7\xf8\x06\x38\x67\xa9\x67\xa8\xab\x88\xae\xd3\x02\xd6\x9a\x38"
	"\xc2\x70\x4e\xd1\x4c\xaa\xe4\x38\x27\x33\xd7\x00\x93\xc1\xba\xf1"
	"\xa5\x57\x28\x2f\xa5\xf0\xf3\x1d\x98\x6e\x69\x64\x18\xb0\xe5\x9d"
	"\xb7\x29\x7e\x9e\xfc\x12\xfc\x43\x8a\x1c\xd6\xf4\x3b\x16\xe4\x90"
	"\x90\x01\x2f\x68\xba\xf7\x73\x51\xa3\x38\x02\x0d\x9f\x54\x9d\x9a"
	"\x55\xb1\xa4\xc5\xe6\x60\xc5\x0e\xb0\x8b\x31\xac\x46\xe1\x9e\x68"
	"\x85\xcf\x8b\x47\xf1\x34\xae\x14\xf4\x9b\xac\xb7\x03\xae\x73\x9b"
	"\x32\x80\x7f\x1d\x6f\x72\xc0\x77\xd7\x1b\xce\x20\x6f\x5d\xe0\x7a"
	"\x63\xd7\x0a\x9a\xce\x10\xdb\x57\x59\xf7\x2c\xd9\x56\x1b\x52\x73"
	"\x15\x91\x8d\x9f\x72\x31\x3d\x6b\xbb\x5a\xf6\xf3\xeb\xe3\xe9\xe1"
	"\xfe\x79\x14\xdd\x7f\x89\xbd\x03\xd2\xd7\x06\xc9\x3f\xd5\xf3\x5f"
	"\x7f\x4b\x87\xa1\xb7\x5a\x50\x92\x66\xd5\xe9\x27\xa1\x6c\x87\x8a"
	"\x91\x59\x50\x77\x41\xc9\xcd\xc7\x96\x63\x7c\x4d\x5c\x46\xda\x48"
	"\x6c\x52\xb8\xdc\x5a\x0d\xa7\xd0\x8a\x6a\x39\xed\xea\x82\x20\xdc"
	"\x33\xe5\x37\x42\xb9\xb1\x2c\xf2\x53\x4f\xd2\x36\x66\x39\x1e\x6b"
	"\xf8\xcd\x01\x41\x52\xc6\x90\xda\x61\x05\x41\x4c\x9c\xce\xfb\x0c"
	"\x1b\xa2\xae\x30\x70\x80\x01\x07\xc2\xe1\xc5\x82\x24\xb6\x07\x00"
	"\xe0\xc3\x9b\xf2\x5e\x20\x3d\xb9\xfb\x2b\x13\x5d\xbe\x41\x39\x06"
	"\x26\x62\x68\xa8\xee\xa5\x33\xc8\x64\x51\x88\x99\xa6\xd8\x9c\xb0"
	"\xe8\x35\xf2\x3c\x82\x5c\x33\x4d\xc6\x45\x59\x87\x24\x1d\xbc\x31"
	"\x86\x9b\x0a\x38\x1e\x87\xc1\x43\x86\xea\x1b\xbe\xb9\x29\x7b\x55"
	"\x82\x70\x0f\xd7\xd1\x7e\x24\xd3\xfd\xe9\x35\xfc\xfc\xfe\xf4\xf6"
	"\xf3\xfc\x2e\x74\xfc\x7a\xdc\x3f\x54\xf0\xe6\xb8\xbb\x0c\xf1\x3d"
	"\xe3\x3a\x37\xb2\x9b\x53\x68\x14\x90\x1d\x7c\x67\x8e\x8f\x2f\xf1"
	"\xce\x28\x1e\xd8\xae\xe1\x94\x3c\xc9\xe0\x71\x79\xbb\x80\xcb\x80"
	"\x02\xe2\xe3\x57\x00\x19\x35\x0d\x45\xf0\xe3\xd0\xf3\xdc\x99\x09"
	"\x22\x16\x38\x8e\x33\x77\xcc\xfc\x05\x3e\x77\xae\xd3\x2d\xbe\x29"
	"\xa1\x6b\x67\x5c\xd8\x7a\xdf\x81\x89\x71\x11\xaf\x65\x19\xf8\xc7"
	"\x70\x9d\x13\xb1\x00\xe9\x0c\x2b\xf5\xf8\xbf\xbc\x9e\x55\xf4\xa8"
	"\x14\xe6\xe6\xe1\xd3\xc9\xf0\xe9\x55\xa5\xc2\x43\xe2\x4a\xa1\xf4"
	"\x63\x55\xd5\xb4\x22\x1b\x92\x32\x95\x54\x1d\xaf\xf1\x9c\xa8\x9f"
	"\xa2\x90\xc4\x8f\xe4\x3a\x50\xf6\x58\xb0\xc7\x4f\xf5\xcc\xea\xcf"
	"\x7e\x98\xa8\x2e\xbd\xae\x21\xa4\xb6\x5b\x54\x55\xb5\x7a\x09\x69"
	"\x40\x0f\xb6\xe7\x13\xc3\xf3\x94\xe0\xcb\xa4\x2e\x08\x12\xe5\x71"
	"\xf4\x00\xae\x45\x36\x8d\x86\xc8\xa1\x37\xbc\x2c\x86\x10\x79\xcd"
	"\x5d\x8d\x15\xbd\x3a\x45\x10\x7e\xd1\x56\x2e\x55\x73\x3a\xac\x10"
	"\xaf\x1e\xa1\x0c\x61\x60\x17\xae\x28\x5c\x87\x97\x19\x78\xa8\x5a"
	"\x75\x30\x37\xe8\x97\x4e\x67\xbb\x3c\xbd\xa2\xb7\x88\x92\xee\x68"
	"\x32\x10\xad\x4c\x61\x86\x2a\x2a\x7d\x32\xb9\xa5\xa5\x00\x67\xca"
	"\x44\xa4\xc2\x9d\x1b\xaa\xbe\xea\xff\x98\x90\x0d\x0b\x6f\x7a\xd7"
	"\x8e\xdc\x02\xab\xaf\x34\xf5\x53\xe9\xe5\x9f\x32\x41\xc8\x33\x2c"
	"\x12\xbf\x64\xda\x46\x38\x36\xff\x5d\xe3\x51\x2b\xcf\xca\x7b\x36"
	"\x31\xf2\xf0\xbc\x24\x86\xe3\x1f\xb8\x28\x81\x8b\x7f\xe3\x0a\xef"
	"\x84\x2e\x11\xf7\x3a\x2d\x8e\xe3\x8e\x4a\xc4\x90\x25\xbc\x5e\x81"
	"\xf0\xa2\x77\x27\x02\x29\xc6\xe8\x9d\xd8\x36\x76\xf1\x35\x51\xc9"
	"\xb9\x28\xc4\x04\x83\x7c\x4e\x0d\x09\x0c\x2e\x68\x9e\xd3\x26\x9b"
	"\x8f\x0e\x52\x87\xef\x5b\x74\x2c\xb3\x41\x7b\x4b\x2c\xe8\x11\x3c"
	"\x89\xae\xf0\x81\x49\xe3\x80\x86\xa1\x78\x27\xc7\xb2\xb9\x02\x0a"
	"\x6e\x73\x12\xb9\xea\x83\x18\x4f\xfd\x54\x23\x95\x49\x89\x4c\x7b"
	"\x5b\x65\xbe\xbd\xc1\x3c\x02\x64\x1a\x52\xc4\xc5\xe0\xa2\x1f\x8b"
	"\x7f\x18\xca\xe7\xe1\xc6\xc0\x2d\xd8\x2a\x86\x7b\x6f\xf4\xe9\x0c"
	"\x7f\x96\x04\x73\x2c\x69\xbd\xe0\x42\x1a\x21\x1e\xc6\x31\xc1\x9f"
	"\xf7\x77\x4c\x2c\xbc\x8b\x4d\x09\x69\xc2\x0e\x7a\xc5\x12\x8b\xcf"
	"\x7e\xf3\x86\x7b\xd8\x77\xfb\x44\xa1\xce\xa6\x01\x83\x8d\x01\x57"
	"\x59\x59\x54\xac\x62\x85\x3a\xbc\xa9\xa9\xc9\xc3\x3c\x5b\x15\x55"
	"\x2c\x97\xc5\x5a\xd9\x75\xe0\x1d\x7c\x95\x9f\xf2\x7e\xea\xb9\xae"
	"\xc4\xd3\x2a\xce\xd0\x8f\xbe\xa2\x78\x5c\x9a\x50\x5b\xd7\xc4\xcd"
	"\x0c\x6d\xba\x2b\x03\x77\x8c\x37\x4c\xc9\x37\xc4\xc0\x0c\x37\x6c"
	"\x96\xa7\x11\xfe\x7c\x91\xf2\x0d\x0b\x7c\x63\x11\x62\x24\x6a\xa5"
	"\x54\xa9\x3c\x43\x32\x7d\xc6\x34\xe6\x05\xd3\x86\x83\x00\xe3\x2c"
	"\x30\x5a\xea\xd8\x0b\x83\x09\x93\x0c\x84\xdb\x8b\x67\xdc\x52\x4f"
	"\x8a\x61\x70\x1f\x14\xe4\x70\x52\x91\xc0\x31\xd0\x66\x5f\xef\x93"
	"\xd4\xcd\x0d\x98\x56\x6b\xf6\xeb\x52\x02\xa7\x99\x41\x3c\x89\x67"
	"\x2e\xe2\x67\x75\x05\x78\x06\x40\x14\xbb\x1e\x72\xc0\xd7\xf0\xb1"
	"\x00\x00\x92\x9f\x11\x7f\xe9\xb9\x06\x00\x1a\xf5\xb6\x12\x9f\xb9"
	"\xcb\xe9\xd4\xcc\xf7\x1c\x13\xdf\xf3\x9c\x89\x85\xef\x9a\xf9\x33"
	"\xa3\xfc\x85\x37\x36\xca\x47\xc3\x11\x5f\xab\x07\x89\x0c\xdc\x02"
	"\x66\xae\x01\x10\x8a\x75\x88\x33\xe5\x63\xc4\x71\xaa\x12\x82\x44"
	"\x58\x96\xcc\x9c\xae\xcb\x08\x3d\xb8\xab\xb4\x24\x14\x3b\x39\x53"
	"\x2d\x14\xae\xb7\x34\xd4\x62\x41\xfc\x99\x87\x04\x24\xae\x00\x11"
	"\xf1\x96\x98\xbf\xa4\x44\xc4\xfe\x61\x3e\x9f\x8f\xbd\x53\xbe\x0e"
	"\xcc\xda\xea\xfd\x8d\xf3\xb7\x45\xe8\xcc\x96\x86\x2f\x61\xdc\x9d"
	"\xac\x22\x77\xb2\x3c\x58\x31\x83\x18\x7e\x83\x8e\x2a\x6d\xb2\xfe"
	"\x7c\x7e\x7a\xfd\xeb\xb7\xc9\x3f\xe4\x92\x0a\x0a\x5e\xfb\x48\xfc"
	"\x7a\xfd\x0e\xb7\xf7\xaa\xff\xd3\xe8\xb7\xab\x25\xf2\x3f\x94\xae"
	"\x1e\xc0\x39\xa0\xa1\x25\xf9\x91\x63\xf7\x09\x92\x5f\x72\xed\x89"
	"\x4d\xf5\xac\x13\x67\xc1\xd8\x51\x46\xb1\x9a\x5e\x2d\x9e\xc5\xa8"
	"\x0b\xf6\xad\x39\xf5\x73\xc7\x5a\xc9\xca\x23\xae\xb6\xba\x8a\xf7"
	"\xa7\xc7\xc7\xde\x82\xb2\x6b\x16\xaa\x0e\xab\x8d\xbd\xa8\x72\xfe"
	"\xa4\x87\xa5\x62\x6c\xc5\xcc\xb4\x7a\xc0\x8d\x28\x61\x11\x60\x17"
	"\xec\x3d\xa8\xd9\x13\xa1\x07\x25\x48\x52\xc9\x1e\xc8\x3c\x04\x36"
	"\xa8\xc6\xbe\xb7\xdf\xc2\xb2\x1e\x9f\xde\x3e\xef\xff\x7c\x3e\x7f"
	"\x8c\x3e\xab\xca\xbc\xea\x58\x72\xfe\xfc\xf1\xf4\xfc\xd9\xda\xb9"
	"\x8c\x7e\x83\x3a\xff\xbc\x7f\x7f\x3c\x7f\xaa\x0a\xd6\xd6\xad\x58"
	"\x3e\x72\x86\xa5\xa7\xea\x7f\xa0\x1f\x63\xc1\xae\x7a\xb8\xcc\x4f"
	"\x98\xce\x34\x88\xef\x59\xd1\xf7\xf1\xab\x28\x78\xa5\xd4\x7c\x43"
	"\x94\x2d\xb0\x7e\xe0\x9c\x05\x2c\x62\x48\xa2\x31\x26\xfe\x9f\x88"
	"\xe5\x83\x36\xcf\x2e\x15\x43\xaa\xee\x30\x14\xe8\x1a\x78\x5e\x10"
	"\x38\x4b\xba\xae\x09\x80\xd0\x2c\x09\x3a\xa4\x0d\x11\x6b\x96\xa3"
	"\x9e\xd8\x44\xd1\xff\x97\xf7\xcf\x87\x6b\x42\x63\x00\x40\x66\xe5"
	"\x74\x43\xfa\x4f\xd5\xc4\xc1\x53\x6d\x41\x01\x82\xe5\x55\x02\x5e"
	"\xb2\x13\x6b\x9c\xc6\xb0\x48\x10\x46\x4f\xaf\x42\x43\x7e\xdc\xf7"
	"\x72\x41\x02\x50\xec\x0f\x57\x6d\x5e\x94\x21\x1d\xac\xcd\x34\xe4"
	"\x41\x84\xf4\x2e\xfd\x54\x32\x7a\x1a\xc6\x4a\xef\x97\x3a\xdf\x29"
	"\xfb\x9f\xd6\xb2\x1f\x4a\xaa\x59\x05\x35\xcf\xf9\x41\xe0\x7d\xa3"
	"\x48\xfe\xb8\x2b\xe8\xb0\x40\xcc\x5d\x1a\x48\xc8\xd1\xec\x17\x5d"
	"\x08\xe2\xee\xdc\x81\xcc\x90\xd3\xd1\x06\xb2\x39\xc6\x0b\x6f\x66"
	"\x2e\xaf\x98\xf6\x66\x4b\x64\x19\xdd\x60\x72\xee\x11\x77\xee\x20"
	"\x8d\x0d\x08\x18\xc4\xf9\x64\x39\x6c\x17\x60\x31\x1e\x4d\x9c\xf1"
	"\xc2\xf8\x82\x0a\xe3\x98\xbf\xe6\x20\x20\x9e\x11\x91\x91\x15\x1a"
	"\x80\xa0\x87\x19\xcf\x6e\x00\xdd\x82\x59\x58\x2a\x77\x3a\x29\x16"
	"\xe6\xba\x0d\xee\x5c\x24\xf7\x53\x5b\xb7\x62\x7d\xbc\x44\xb2\x44"
	"\x34\x98\x55\x8c\x86\x1e\x6a\x1b\x51\xe8\xe5\xc4\x0a\xf1\x90\xc8"
	"\x31\x5d\x29\x8e\xb9\x15\x68\xec\x8e\x1d\xb3\x7a\xe7\xbb\xc5\x62"
	"\x6c\xae\x3a\xee\xa9\x99\x71\x61\x97\x6e\xe9\xa3\x50\xe3\x4b\x7b"
	"\xa3\x2c\xa7\xf6\x1e\xea\xd8\x21\x9e\x15\x32\x75\xed\x10\xfb\x50"
	"\xb0\x1c\xdb\xfb\x30\x62\x2c\xd8\x56\xf9\x12\x8b\x24\x77\x6d\xda"
	"\xa9\xbd\xf5\x67\x93\xc9\x0d\x63\xc5\x74\x71\xc3\x98\xe3\xd8\xba"
	"\x97\x33\xb1\xf4\xe5\x98\x64\xf3\xa5\x87\x0c\x4b\x9a\x88\x7d\xa0"
	"\x3f\x70\xd0\x78\xc3\x58\x1f\x72\x17\x33\x06\xeb\x97\xd0\xa6\xe8"
	"\x42\x8f\x96\xfd\x83\xd9\xbe\xb5\xad\xb5\x1c\x13\x67\x31\xb3\x29"
	"\x88\x37\x99\x58\x21\x9e\x55\x13\x67\x0b\xef\xb4\xf2\x63\x16\x1d"
	"\x6d\xc8\xf9\xd4\xd6\x39\x9c\xe9\xd8\xdc\xc5\x78\xb1\x9d\xcc\x0b"
	"\xdf\xa2\x28\xd3\x45\x61\xf9\x7a\x80\xb8\x9e\x15\xe2\x2d\xcd\x10"
	"\x1e\xcf\x1c\xcb\x47\x05\x77\xd3\x85\x45\x69\xf3\xcc\x23\x96\x5e"
	"\x06\x0a\x61\xee\x41\xdf\x8e\xc9\x5d\xff\x64\x4d\x2a\xc6\xe5\xf5"
	"\x77\x58\xeb\xf7\xf5\xa5\x71\x61\xf4\x77\x14\x92\xaf\x82\x0c\xdd"
	"\x1c\x8c\xe5\x65\x6d\x55\x39\x1a\x5b\x66\x0f\x40\x98\x3f\x6c\x55"
	"\x88\xbf\x6c\x33\x0c\x4f\x76\xdc\x5c\x83\xf3\x81\x59\x46\x1b\x44"
	"\x84\x9f\x5f\x3f\xc4\x8e\xd7\xd2\x5f\x3a\x6e\xa5\xb0\x7f\xd3\x65"
	"\xbe\x84\x75\x7d\xe3\xfe\x78\xcd\x6b\xd9\x52\x11\x5b\x32\x01\x50"
	"\xd3\x99\x0b\xe2\xa9\x8a\x67\xde\x89\x44\x21\x68\x69\xcf\xa5\x1d"
	"\x5c\x9b\x72\x5f\xe8\xd8\x3a\x44\x1c\x6b\xfc\x18\x0e\x1a\xa3\xf1"
	"\x02\x49\x41\x0b\x21\xba\xb1\x67\x65\xd4\x7c\x79\x56\x3c\xd3\xf7"
	"\xb8\x58\x2c\x9d\x44\x75\xec\xb4\x41\x7a\x9b\xb0\xbf\xf2\xf3\xbb"
	"\xfe\xe4\xae\x3b\x06\x6a\xf7\x3b\xaa\xeb\xf0\x13\x56\x90\x9a\x5d"
	"\xa9\x2f\x8a\xba\x23\x69\x0c\xad\x24\x6a\x29\x5e\x23\x36\x87\x57"
	"\x8c\x3e\x07\xe9\x1e\xa4\x13\x13\xef\xa4\xcb\x3d\x00\xf2\xc8\xf3"
	"\xd3\xf9\xf5\xb3\xa7\x3a\x3e\x3f\x26\xe4\x54\xe0\x1f\x26\xe8\xda"
	"\x2d\x83\xa0\x07\xe5\x4a\xf5\x95\x95\xf2\xc0\xbc\xa7\xbf\xe9\x94"
	"\x74\xbd\x42\x82\x55\x0e\x5c\x9c\x15\xbe\x50\xa5\x7c\xa0\x97\x7d"
	"\x26\x96\x6d\xb2\x2a\x0c\x6c\xac\xfb\xb9\xd2\xfc\xf2\x60\x34\xbc"
	"\x43\xf6\xc0\xbb\x15\xc6\x60\x90\x64\xb0\xca\x84\xa4\xd4\xc8\xee"
	"\xe9\x5d\xd4\x85\xae\x7f\xc2\x63\x2c\x45\x0f\xd3\x6b\x76\x1c\xf7"
	"\xdf\x5a\x7b\x27\x3f\xbc\x5f\x3e\x2e\x3f\x3e\x47\x9b\xaf\xb7\xf3"
	"\xfb\xef\xbb\xd1\xe3\xaf\xf3\xc7\xa7\xce\x07\x7b\x73\xcc\x28\x6c"
	"\xf0\x38\xc9\x06\xd7\xe1\x4d\x2b\x14\xfe\x7a\x90\xd2\x92\xe5\x88"
	"\x41\x7a\x96\x33\x1e\x3b\x43\x4f\xa0\x96\x2d\x74\x94\x86\x0c\x19"
	"\xcc\xa2\xc5\x64\xe9\x94\x18\x53\x6c\xe6\xd1\xe7\xe6\x8e\x1b\x20"
	"\x43\xe4\x62\x3e\xc1\x64\x2e\x26\x8b\x05\xc5\xde\xc7\xbd\xc1\xfe"
	"\xab\xda\xf0\x8a\xaa\xfe\xf8\xac\x7d\xeb\xda\x06\x93\x2c\xff\xe1"
	"\xe1\xfc\x7c\x7e\xbf\xbc\x9c\x3f\x07\xcd\xe8\x0b\x5d\x9a\xcc\x1c"
	"\x64\x8e\x6b\xb8\xae\x91\xbb\x34\x71\xa7\xaa\x87\x8f\xff\x7a\xff"
	"\x7c\x79\x1c\x7d\x0a\xbd\x7a\x7a\x7c\xfa\xbc\x7f\x86\x93\x26\x51"
	"\x5c\xb5\x6c\xf3\x19\x12\xb9\x53\xb0\xe6\xc8\x3e\x4c\xb0\x16\x13"
	"\xf4\xa9\x09\x72\x94\x2b\x58\x03\xd3\xa3\x6e\x51\x9b\x72\xfe\xf9"
	"\xf4\xfb\xf7\xa7\xf7\xf3\x03\x8c\x0f\x68\xa1\x8b\xf9\x20\xd4\x6a"
	"\xc5\xbe\x7f\xbb\x7f\x10\x42\x5e\x1f\xce\x37\x7d\xf9\xc4\x43\x3f"
	"\x6f\xe2\xa1\xdf\x30\x9f\xaa\x6f\x0e\x65\x89\xc5\x3f\xd5\x1b\xf9"
	"\xd7\xeb\xe7\xcf\xf3\xc7\xd3\xe0\x85\xcb\x85\x8b\x49\x15\xac\xa9"
	"\x46\x6a\x25\xee\xf1\x4b\xf4\xe5\x87\xcb\xdb\x59\xb0\x60\x3e\xd7"
	"\x68\xd7\x58\xe3\xe5\x95\x9c\x3f\xff\x79\x79\xff\x4b\x56\xf0\xd7"
	"\x7f\x9f\xdf\xff\x75\xc4\x5e\xde\xce\xdf\x65\xf5\x10\xa4\x4e\xbc"
	"\xa5\xab\x39\x10\x7e\x7a\xfc\xf9\xa9\x7b\x77\xc1\x23\xe7\xef\xf9"
	"\xdf\x6a\x93\x8a\xd6\xfb\xaf\xf3\xe8\xfc\x7a\x7e\x7f\xfc\x1a\xc9"
	"\x1e\x01\x3d\x86\x91\xfe\xcb\xe8\x1c\x0b\xdf\x57\xf1\xa6\x06\xde"
	"\xc2\xc0\x5b\xa2\xbc\x85\xa7\xd6\x72\x7e\xfe\xb8\x3c\xc3\xdd\xc0"
	"\x0d\x2a\xe3\xf0\x25\xa6\x32\x8e\xd8\x74\x8c\x4d\xcc\x89\xda\x42"
	"\xcd\x29\xfb\xe8\x77\x18\x55\x5e\xbf\x8b\x8e\xf0\x7a\xee\xbe\xb1"
	"\x4a\xec\x8a\xa8\xa9\x60\x1e\xd6\xea\x8c\xcd\xdf\xce\xf7\x7f\xfd"
	"\x7a\x83\x6f\x10\x1f\x26\x74\xe6\xed\x7c\x7e\xf8\xd9\x8b\xef\x5e"
	"\x0d\xe8\x27\x25\xc6\x58\xdd\x1f\xbf\xbf\x5f\x9e\xbe\x5f\xa7\x66"
	"\x9f\x6f\xaa\x93\xc9\xeb\x07\xd5\x26\xa0\xbb\x41\xe6\x98\x01\x1b"
	"\x32\xbb\x8b\x27\xd3\xfc\x78\xda\xb2\x28\xea\x25\x91\x6c\x3c\x5f"
	"\xc1\xe7\xbc\x17\xac\xac\xe1\x44\xf1\x36\x1c\xde\xb7\xf7\xc2\xf7"
	"\x40\xd8\x9e\xf6\x9a\xfe\x3a\x33\x09\x2a\x32\xdb\x03\x0b\xce\x68"
	"\x69\x0c\xd7\x0a\x59\x5f\x12\xf1\xf3\x1d\x4d\xcb\xa2\x61\xf5\x04"
	"\x92\x4d\x99\x6c\x25\x07\x11\x4b\xc4\x8a\x43\x95\xb9\xc9\x74\xd4"
	"\xca\x3c\x59\xda\x43\x9d\x72\x4a\x7a\x21\x9e\x80\x9f\x07\x2c\x19"
	"\x3c\xd6\x9a\x0b\xab\xc7\xf2\x75\x53\x06\x29\x16\x74\x50\xac\xa3"
	"\x4f\x62\x0d\x3d\x77\xa6\xc8\xe5\x19\xe6\x13\x13\xae\x13\xfd\x72"
	"\x71\xcd\x4f\x90\x17\x20\x48\x91\x0b\x9c\x3a\x8b\x3b\x89\xb6\xa7"
	"\x43\x24\x16\xb7\xe2\x8f\xfd\x37\xa4\x74\x42\x87\x8b\x95\x5e\xcc"
	"\x9e\x45\x64\x32\x1e\x8f\x71\xa3\x9a\x2b\x02\xb3\x44\xc1\x7c\x7e"
	"\xb7\x7c\x8e\xed\xba\xd6\x39\x3d\x62\x26\x4e\x24\x3f\x66\x45\x2a"
	"\x0f\xcd\x09\x11\x9a\xfb\x7f\x36\xd2\x1a\x58\x65\x15\x04\xc9\x27"
	"\x97\xb1\xa9\xeb\x22\xf9\xdd\x79\x71\x3d\xa3\xb9\x7f\xf9\xf8\x25"
	"\x06\x58\x3f\x20\xa3\x54\x59\x59\x0b\xac\x60\xe8\xb0\x9b\x5f\x7f"
	"\xa2\x78\xf0\xa6\xc0\x9e\x11\xb3\xc7\xab\x9c\xef\xc4\xc8\x2e\xfe"
	"\x31\x89\x80\x45\x78\xf8\xff\x25\xe7\x14\xfa\x3b\x96\x10\x86\xc9"
	"\x0b\x2e\x97\x4f\x98\x68\x8a\xa7\x17\x31\xc5\xfd\x3c\x3f\xfc\x65"
	"\x96\x09\x2a\x4c\xfe\x17\xc2\xce\xe2\xe7\xcb\xe5\xfb\xb9\x23\xb5"
	"\x97\xcb\xa3\x27\x77\x98\x2a\xfe\xaa\x61\x69\x14\xae\x18\x62\x7f"
	"\x42\x36\xb9\x58\x23\xb7\x41\x6a\x74\x56\xa7\xa2\x3f\x81\x06\x46"
	"\x69\xba\x2d\xbb\x11\x08\x7d\x99\x80\x7d\x0b\x29\xdf\x32\xbf\x1b"
	"\x4d\xe0\xda\x21\xdb\x34\x1c\x55\x4a\x2e\xf2\x7c\x11\x5f\xb5\x7a"
	"\xbf\x7f\x39\xc3\x4a\xa1\xfb\x39\x9d\x4e\x0c\xbb\x16\xbf\x60\x88"
	"\xff\x35\x20\x36\x3c\xdc\xda\x86\x02\xce\x3c\xd7\x9b\xdc\x80\x9a"
	"\x4c\x6f\x00\x21\x31\x7d\x3b\x20\x12\x12\x3a\x47\x96\xb6\x03\xd8"
	"\x12\x39\x9c\xef\xc2\x38\xe4\x8d\x39\x21\xa9\xd4\xba\x65\x93\x97"
	"\x3a\x13\xb4\xaa\xee\xd2\x9c\xe9\x72\xe5\x76\x07\x4d\x70\x9e\xef"
	"\x0e\xf2\x1d\x5e\x72\xb0\x96\x00\x33\x2b\xe9\x42\x0e\xbe\x15\xc2"
	"\x08\xb2\x58\xed\x6a\x06\xf1\xcc\x9f\xa2\x84\xba\x6b\x6d\xfb\xf5"
	"\xec\xda\xfc\xcd\xcf\xe3\xd9\xb4\xaf\xb6\x03\x40\x19\x82\x8b\x1e"
	"\x34\xcc\x20\x42\xda\x5e\xcc\x05\xc9\xd0\x15\xaa\x52\x6c\xa9\xec"
	"\xfc\xf2\xeb\x5d\xac\x7f\x55\x7b\x59\x30\x5c\xa8\xce\xa0\x7a\x94"
	"\x2c\x4f\x83\x4e\x57\x12\x25\xab\xa2\x89\x0d\x92\x62\xf7\xe9\x62"
	"\x76\x2f\x20\x26\x6f\x37\x78\xc7\x00\x91\xa6\xd1\x69\x9f\xe6\x5b"
	"\x3f\xaf\x13\x74\x77\x8f\xad\xf2\xdc\x2f\x4a\x01\x1f\x8f\x17\xde"
	"\xc2\xeb\x06\x6c\xe3\x2c\x02\xef\xd4\x16\x32\x99\x4d\xc6\xf2\xbf"
	"\xde\x8b\x44\xe5\x35\x00\x21\x60\xe9\xf4\xd2\x9d\x40\x41\xaa\x32"
	"\xf0\x6c\x81\x1c\x38\x57\x79\x01\x33\x56\xe8\x87\x1f\x9e\x93\xa6"
	"\x25\xe2\x7e\xf0\x14\xde\x7c\x1f\x41\x8e\xa9\x5a\x40\x5c\x94\x8e"
	"\x19\x51\x20\x46\x90\xb4\x2d\x3f\xe2\x69\x5c\x67\x48\xd2\xae\xd5"
	"\xe2\xb8\xec\xa7\xe1\xae\x48\x57\xc3\x02\xa9\x2b\x6b\xd8\xba\x3c"
	"\x3d\x8c\x24\x73\x94\xdd\x3f\x9e\xa5\x29\x47\x27\xb4\x47\x67\x7d"
	"\x08\xcf\xc3\x31\xcd\xba\x80\x20\x15\xa7\x28\xf3\xf5\x23\xa5\x82"
	"\x14\x2d\xb1\x9b\x73\xb4\x98\x2c\xdd\x75\xc2\x2f\xa6\xab\x8a\x3c"
	"\x2c\x79\x75\xde\xd8\xef\x1e\x03\x60\x4b\xdd\xc5\xbd\x65\x7c\x17"
	"\x6d\xb0\x24\x06\x85\xe1\x31\xd2\x18\x0d\xf3\xb4\x73\x35\x3b\xab"
	"\x97\xcb\xe7\xf9\xed\xfd\xf2\xa0\x3d\x7d\xa6\x10\x48\x11\xec\x15"
	"\xd4\x07\xdf\x5e\x3e\x94\x03\x16\xd8\x6b\xfc\xc6\xbf\x3e\x3e\xcf"
	"\x2f\xa3\x54\xcc\x5d\x3f\x9f\xde\xfe\x01\x9b\x9b\x87\xa7\x1f\xa2"
	"\xa5\xc2\xc1\x69\xcc\xcb\xf3\xe5\x51\x90\x21\xe9\xe4\x40\x4e\xf0"
	"\x7e\xb9\xff\xfe\x70\x79\x19\xf0\xae\xfa\x07\x69\x8d\x72\x12\xf3"
	"\x22\x50\x4d\x7a\xfe\x2d\x3e\xe8\x64\xde\xfd\xba\x7f\x16\x22\x87"
	"\x32\x3b\x12\xb1\xa1\xae\x8a\xe1\xa2\x90\x33\x4d\xfb\x65\xf1\x29"
	"\x4c\x85\x6e\x27\x5c\x65\x75\x25\x90\xa2\xf7\x03\x5c\xae\x32\xe5"
	"\x89\x7c\x5d\x28\xb4\x80\x88\x37\x04\x6b\x8c\x2e\x46\xdd\x22\xd5"
	"\xe8\x4f\xc3\x86\xf7\xe8\x0c\x77\x6a\x93\xe6\x6e\x30\x3e\x02\xe1"
	"\x2f\x56\x6a\xa1\x28\xac\x9c\x3a\x30\xa1\x57\x74\xbf\xd2\xd6\xc4"
	"\xae\x53\x0b\xa2\xb6\x48\xd7\x0b\xac\xfa\xdd\xff\x96\x55\x44\x0f"
	"\xba\x5a\xad\xe9\x7d\x30\x19\x08\x24\x99\xf2\x0e\x52\xbf\xa3\xbf"
	"\x43\xad\xa9\x77\x62\x9c\x67\xeb\x24\xcd\xa9\x1a\xa4\xd2\x27\xb2"
	"\xf8\x2b\xb5\x15\x81\xa3\x25\x9e\xe2\x55\xa8\xa9\x78\xc9\xe2\x8e"
	"\xde\x95\x8e\xf5\x72\xd3\xd5\x4f\xc0\x6b\x9b\x00\x4a\x0a\x93\x87"
	"\xea\xdb\x53\xa2\xaa\x4e\x4c\x58\xb2\xea\x44\x6f\xad\x7e\x0f\x2d"
	"\x92\x1a\xa1\x94\x94\xa2\x16\x7a\xbe\x1e\x35\x6b\x4b\xf3\x04\x66"
	"\x19\x88\x35\x46\xfa\xa1\x79\x9b\xce\x01\xc1\x98\xc5\x36\x39\xf3"
	"\x8b\x8d\x09\xc7\x63\x19\x61\x0b\xe2\xbe\x82\x5d\x61\x14\xfe\x67"
	"\xeb\xd1\x5b\xed\xb6\x79\xe2\xcb\xb8\x70\x80\x92\xfb\x65\x1e\x13"
	"\x4d\x85\x8a\x66\x16\x02\x68\xbe\xa3\xb8\x1e\x67\x59\x9c\x95\xa7"
	"\x95\x98\x62\xea\x68\x59\xa9\x5a\x93\x15\xa6\xf5\x74\xd1\xbe\xab"
	"\xc2\xc0\xb1\xc8\x1a\x82\x4a\x51\x3f\x6c\x0a\xa7\x9f\xf4\x74\x4f"
	"\x55\x26\x75\xaa\x15\xdf\xf0\x29\x48\xe1\x2b\x23\x8c\x9d\x02\x96"
	"\xe0\x9f\x36\xd0\xe5\x66\x7a\x28\x62\x6d\xd3\xe4\x54\xfa\xf3\xe3"
	"\x9c\x53\x06\x46\x66\x5d\x4d\x01\x02\x5c\xeb\xc9\x46\xf4\xd4\xea"
	"\x6f\x9f\x84\x51\x0e\xae\x6e\xe4\xb8\x92\x6b\x43\x17\x35\x7d\x20"
	"\xdc\x55\xf7\x37\x6a\x2b\x5c\x59\xd0\x49\x4c\xec\x98\x71\xad\x3a"
	"\xb4\xe5\xa1\x45\x6c\xa9\x36\x79\xe8\xa4\x91\xc1\xc5\xae\x4c\xb4"
	"\x2b\xc7\x1f\xa7\x9b\x48\x2d\xdc\x26\x24\x59\xcf\xec\x57\x12\xa4"
	"\x99\x5e\x15\xb0\x3a\x46\xe2\x50\x4b\x58\x98\x89\xcd\x27\x2c\x31"
	"\x54\x09\x8c\xf9\x35\x0f\x2f\x11\x11\x2a\x06\x5e\xe0\x9d\x43\x39"
	"\x79\x3b\x0c\xe7\x3e\x72\x64\x49\xca\x38\x10\x15\xde\xcd\x64\x59"
	"\x26\x07\x76\xe2\xb9\x8f\x64\xdb\x85\x84\x1c\xba\xe0\x00\x30\x14"
	"\xd2\xdd\x2a\xa7\x77\xcd\xd2\xab\xfe\x39\x5a\x5f\xc4\x24\xfa\x3a"
	"\x38\x70\xae\x99\x62\x0b\xfd\x3f\xa4\x5d\x5b\x73\xdb\xb8\x92\xfe"
	"\x2b\xae\x3c\x9d\x53\x75\x66\x86\x37\x51\xd2\x54\xe5\x81\xe2\x45"
	"\x64\xc4\x9b\x09\x50\x96\xf2\xc2\x72\x12\x25\xe3\x9d\xd8\xce\xda"
	"\xf2\x39\xc9\xfe\xfa\x45\x03\x24\x45\x80\x68\x52\x5b\xfb\x90\x8a"
	"\x85\xfe\x88\x3b\x1a\x0d\xa0\x2f\xfb\x2e\x34\x47\x91\x07\x61\xa6"
	"\xa8\x8c\x4e\xe1\x6b\x82\x19\x7d\x6a\xc0\xa2\x43\x74\x2f\x87\x63"
	"\x2c\x37\xdb\xf3\x18\x83\xda\x4b\xdd\x3e\x44\x0e\x4c\xeb\x67\x6b"
	"\xc0\xbd\xe5\xc1\xec\x99\x45\x82\x02\x39\x29\xbd\x6b\xf2\xf4\x08"
	"\x49\xa6\x98\x9b\x97\xd2\x6e\x6b\x92\x06\x23\x50\x45\x1a\x10\xfb"
	"\xfa\xe9\xdf\x8d\x1f\x4a\xeb\x39\x8b\x24\x36\x76\xe2\x43\xdd\xe3"
	"\xf4\x77\x60\xfd\x14\x11\x97\xa6\xda\xda\x53\xff\xe2\x4d\x30\xfc"
	"\x79\xfe\xfc\xfc\xd4\xb9\x93\xd5\x18\xce\x09\x38\x63\x00\x7e\x83"
	"\x3a\x21\x6a\x31\xa8\xbe\x73\x4b\x9f\xd0\x77\xee\x11\x07\xdb\x46"
	"\x5c\x97\xb6\x90\x8a\xae\xd6\x4b\x7b\x32\x17\x92\x2d\x16\x88\x1e"
	"\x4d\x8b\xe8\x7c\x78\x60\xd6\x53\x45\x75\xd4\x9d\x34\x92\x01\x7b"
	"\x66\x3f\x5a\x57\x17\xd2\x05\x78\x9f\xda\xf8\x1b\x7d\x16\xcd\x2e"
	"\x4a\x22\x8e\x52\x3f\xec\x0c\x5b\x91\xef\x5a\x3d\x74\xb9\x0a\xe0"
	"\x51\xa3\x66\xe7\x3b\x02\xeb\xa5\x87\x58\x72\xc6\xa4\x73\xc8\xad"
	"\x3f\x6a\x09\x44\xfb\xad\xe6\x7d\x0a\x7f\xab\x3d\xa4\xb6\xb3\x40"
	"\x43\x3d\x75\x74\xec\xc6\x79\x93\x79\x26\xf2\x68\xca\x48\x96\x85"
	"\x91\x7c\x73\x61\x08\xff\x80\xfa\x45\xec\x61\x4e\x1b\x02\xcf\x46"
	"\x6e\x9b\xd8\xc1\xb0\x0a\x90\x0b\x30\x41\x5b\xe3\x34\xe4\x72\x9c"
	"\xf7\x2b\x15\x15\x6d\x6c\xef\x90\xe8\xef\xc9\x77\x07\x12\xac\x11"
	"\x8a\xff\x61\x67\x1a\x48\xfc\xda\xcc\xb7\x2d\x1b\xb3\x2e\xf4\x96"
	"\xce\x02\x1f\x98\x8e\x8e\x1b\xa5\x7a\x4b\xd7\x45\xf3\x5e\x39\xc8"
	"\x83\x2f\xa3\xad\x17\xc8\xbd\xa5\xa0\x21\x4d\x39\xf8\x8e\x81\xe8"
	"\xba\x32\x9a\x6b\x21\x2c\x81\xf8\x9e\x8d\x46\x41\xa4\xbb\x95\x8d"
	"\x85\xd0\x64\xb4\x8d\xb7\xf8\x7f\x69\x02\x58\x2e\xfa\xa6\x6f\xad"
	"\x4d\x9c\x84\xbd\xc5\x2e\x9d\x25\xae\x5a\x80\x97\xb5\xc4\xcb\x5a"
	"\xae\x6d\x54\x21\x61\xb5\xc4\x48\x6b\x0b\xfd\x6a\x8d\x98\x94\xf9"
	"\xfc\x61\xc9\x84\x3d\x42\xcf\x74\x73\x10\xeb\xca\xb0\x3f\x03\x4c"
	"\x49\xa8\xbe\x1c\x39\x61\xe5\x20\xba\x97\xf1\x01\x0b\xd0\x97\xe4"
	"\x9e\x75\x38\xa0\xb5\x49\xa9\x6f\x39\x4b\x13\xa7\x61\x66\x88\x40"
	"\x43\x3c\xe6\xb0\x7d\xcb\xc4\x54\xd2\x81\x66\x62\xee\xea\x04\x71"
	"\x85\xd2\x6c\xc4\x46\x00\xe2\xba\xba\x48\xfb\x33\xbf\xb4\x2d\xc4"
	"\x42\x04\x68\x0e\x62\x06\x91\x7b\xf5\x12\xd3\x3f\xa5\x09\xf4\xa7"
	"\xb1\x32\xfd\x49\xb2\x3d\xfd\xb5\x43\x0c\xc4\x92\x55\x20\x4c\xcb"
	"\xb4\x57\x53\x74\x63\x45\xcc\xc9\x1a\x9a\xd6\x8a\x18\x8b\x49\x84"
	"\x6b\x12\x17\xf1\xb6\xc7\x11\xac\x04\x73\x31\x41\x5e\xae\x11\x15"
	"\x03\x41\x5e\xb9\x2b\xb4\x09\x34\xf5\x9d\x05\xe2\x28\x77\x1f\xb9"
	"\xa6\xa1\x4e\xda\xf6\x7a\xee\xc7\xf7\x87\xaf\x0f\x23\x16\xb4\xb2"
	"\x5d\x8d\x5a\xcf\x5f\xa7\x47\xee\x22\x8d\x68\xb4\x5f\x68\xea\x31"
	"\x39\x21\x6e\x4f\x28\xc8\x5a\x26\x2b\x6c\x5d\x79\xb7\xa8\x27\xf3"
	"\xfd\xc7\xd5\x7a\x6c\x4b\x1a\x3f\x7c\xe9\xb4\x6a\x41\x19\x4c\x3c"
	"\xa4\xf5\x57\x94\xa4\xec\x88\x3d\x41\xde\x3b\x49\xd9\xd6\x54\x89"
	"\xc0\xd1\xbe\xca\xbd\x3d\x9d\x07\xb7\x8a\x9d\xfe\x0f\xe3\xdd\xf7"
	"\x82\x8b\x63\xac\x7b\x61\xb8\x98\xb2\xcc\xc2\x76\x0d\x94\x84\xea"
	"\x77\x2d\x1c\xcb\x44\x49\x8e\x8b\x93\x30\xdd\x9b\xc5\x62\x6d\x55"
	"\x38\xcd\xc6\x69\x06\xda\x32\xd7\x72\x2a\x74\xc3\x07\xde\xe6\xa2"
	"\xfa\x56\x0b\x77\x85\x36\x62\x89\x6c\xcd\x40\x72\x4d\x9c\x84\xd6"
	"\x73\x62\x43\xb3\x51\xbd\xbf\xd5\x0a\x51\x18\x0c\xca\x82\x36\x01"
	"\xa2\xca\x9b\xb9\x96\x8d\x34\x9a\xf1\xd7\x85\x89\xf2\xf3\xc5\xca"
	"\x42\x59\xaf\xb3\x44\x1e\x48\x81\xb6\x46\x58\xaf\x58\xfc\x4a\x3d"
	"\x7b\x25\xca\x2f\x6f\x8f\x8f\xbf\xda\x9b\xf2\x6e\xba\x47\x2f\xa7"
	"\xff\x7e\x3b\x3d\x7d\xfe\xd5\xeb\xcf\xfd\x0f\xe8\x46\x05\x01\xf9"
	"\xa3\x4c\xd3\x0e\x25\x9e\xf1\xf8\x03\xcd\xfd\xf9\xf9\xe5\x8f\xe0"
	"\xe1\xf5\xfc\xf2\xf0\xe9\x0d\x1e\xe4\x15\x75\x3b\xc5\xac\x4d\xd8"
	"\x90\xfc\x75\xff\x7a\xfa\x2d\x65\x79\x9c\xbe\xdc\xa4\xcf\xcf\x3f"
	"\x6e\xfe\xc1\x32\xff\xe7\xcd\xd7\xbe\xf0\xd7\x41\xe1\x72\x86\x91"
	"\x63\x6b\x04\xac\xff\x8b\x96\x1e\xba\xde\x80\x8a\x19\xa3\x75\x54"
	"\x77\x4a\x07\x14\x5d\xe4\x87\x8a\x38\x0b\xec\xd8\xb1\x35\x31\x91"
	"\xb8\xac\x6d\x83\x1d\x49\x30\x71\xbb\x3d\x08\x6c\x8f\x55\x31\x71"
	"\x0e\x48\xe8\xd6\x56\x94\xe2\x04\x13\x3d\xdd\x7f\x3f\xff\x35\xe0"
	"\xe7\x5d\xea\xcb\xf9\xa6\xba\x3f\x9f\x6e\xb2\xe7\xa7\x87\xb3\xda"
	"\x85\x51\xe8\x38\xd8\x72\xe1\x34\x07\x9b\xdc\xb6\x31\x21\xac\x00"
	"\x71\x6c\x6b\x14\xbf\x3d\x3e\x7c\x79\x38\xff\xd2\x0e\x66\x66\xd9"
	"\xc8\x7e\x1a\xc4\x14\xd9\x6a\x62\xd8\xeb\x11\x11\x26\xa6\xc4\x42"
	"\x96\x5f\x4c\x6b\x84\x42\x92\x25\x76\xc0\x00\x92\x35\xee\xf6\x84"
	"\xad\x99\x33\xf8\x36\x78\x3c\xdd\xbf\xbe\xbd\x9c\x1e\x4f\x4f\xe7"
	"\x9b\x37\xd6\xd3\x9a\xa9\xea\x18\x53\x93\xd1\x41\xcf\xb8\x09\x9b"
	"\x51\xe8\xac\x69\xc9\x18\xcb\xde\x65\x07\x17\x93\x7f\xf7\x30\x25"
	"\xdd\xc9\x29\x39\xc0\x60\x25\xb4\xd3\x36\x25\x99\x1b\x90\xc3\xf5"
	"\x8a\xae\x5e\xf0\x21\x68\x08\x76\xd2\xf6\x52\x1b\x42\x86\xeb\x69"
	"\x65\x40\xd6\x98\xcb\x1d\x4e\xc4\x02\x3d\x6f\x62\x13\xd3\xfc\x04"
	"\x12\x32\x02\x7e\x66\x5b\x26\x62\x91\x08\x34\x4c\xa9\x23\x63\x4d"
	"\xb0\x31\x92\x8b\xcc\x33\x20\xb9\xc8\xe1\x78\x5b\x5a\x5e\xc9\x66"
	"\xa1\x67\x18\xfa\x00\x7c\xdd\x9d\x72\x42\x52\x6b\x6d\x20\x07\x06"
	"\x19\x84\xf8\xcc\xe1\x44\x13\xd9\xa3\x3e\x10\x8f\xc9\xe0\x88\x09"
	"\x5a\x59\x19\xa8\x23\x1a\x5a\x61\x3e\x64\x18\xd3\x60\xdc\x06\x19"
	"\xd3\xa2\xa4\x6c\xb8\xf5\x1f\x96\xac\x2a\x96\x81\x92\x49\x62\x9a"
	"\xce\x02\x3b\xde\xdb\x36\x72\x29\x43\x7d\x62\x3b\x88\xd6\x14\xa7"
	"\x21\x16\xef\x5d\xdf\x82\x16\x37\x66\xb8\xcd\x69\x2b\x94\xe6\x2c"
	"\x6c\xcc\x2d\xdf\xc2\x5c\x59\xfa\x4b\xf9\xbd\x9f\xa7\x68\xf7\xed"
	"\xc3\x2c\x75\x0d\x44\xbd\x6b\x9f\xba\xa6\xc6\x82\x20\xbb\xff\xf6"
	"\x74\x3a\x8b\xdb\x3c\xed\xea\xdd\xa1\x71\xd0\x39\x09\x11\xf7\x76"
	"\xc6\x7a\x8d\xac\xf8\xf6\xc2\x2e\xf3\xb6\xf9\x04\xb3\xbb\x60\xd0"
	"\x5b\x29\x6f\x6b\x9b\xb8\xa3\x34\x7b\x61\x39\x93\x17\x71\x3c\x73"
	"\x7c\xff\xed\x46\x38\xce\xfc\xc5\xca\xb1\xf1\x00\xf6\x0a\x4e\xa9"
	"\xae\xe8\xe4\xb7\xef\xe7\x87\x1f\xdf\x4f\x3f\x15\xb1\x08\x6a\x92"
	"\xd5\x07\xcd\x66\xf3\xf9\xfb\xc3\xd3\x68\x50\xae\xd3\x7b\x87\x4c"
	"\xf9\x7b\x4a\x55\x97\x54\x77\x8d\x2b\x77\x04\xbc\x3c\xa3\x97\xbd"
	"\x9d\x7c\xf6\xe3\xf9\xcc\xf6\xbb\x07\xcd\xa5\x2f\x3b\x1f\x63\x96"
	"\xf5\x20\x19\x3b\x2b\x73\x82\xb6\x44\x25\x63\xd3\xc6\x25\x6a\x6c"
	"\xdd\xd0\x32\xd5\x8a\x23\x6a\x23\x58\xb7\xc9\xbb\x76\x9a\x95\x6b"
	"\xd3\xd0\xc8\x5a\xe5\xcb\xe9\x15\x36\x7b\xed\xc2\xd8\x94\x86\x6b"
	"\x64\x5b\x64\xfe\x96\xd8\xa5\x73\x5c\x62\xdd\x55\xa6\xa6\x39\x71"
	"\x49\x2b\xc8\xe8\x6a\x28\x53\xb6\x1a\x90\xa3\x06\x59\xa0\x97\x43"
	"\x8c\x64\x2f\xa7\x96\x09\xf7\xe8\xaf\xef\xef\x05\x26\x52\xc6\xa5"
	"\x65\xb8\xfa\x66\x7c\x2c\x3d\xb6\x8f\xba\x7a\xf1\xe1\x09\x74\x86"
	"\x75\x7d\x4d\xec\xb5\x7c\xef\xd7\x0e\xcf\xf3\xcf\x87\x47\x10\x34"
	"\x41\x51\xfc\xcb\xc3\xab\x30\x5f\xd2\x64\x90\x26\x81\x57\x41\x38"
	"\xd4\x50\x31\x4b\xbd\x2c\xe3\x2a\x42\x64\x60\x72\x58\x63\x11\x13"
	"\xe0\xa3\xb1\xa1\x1b\x3d\x3d\xfe\x80\x03\x16\x32\x71\xd8\xd4\x4f"
	"\xc0\x3b\x63\x58\x65\x85\x5f\xd4\x58\x0c\xa7\x2c\x3d\xac\x0d\x17"
	"\xdb\x9a\xb2\xd2\x40\x9e\x27\x38\x69\x89\x6c\x3a\x47\x82\x6c\x9f"
	"\x9c\x84\xec\x39\x39\xd5\x5b\x0f\xee\xb3\x50\x75\x68\xda\xfb\x1e"
	"\xcd\x86\x8e\x48\xb3\x5e\xbf\xe5\xb2\x9b\xb3\x44\x50\xd7\x8c\x28"
	"\xa2\xbc\xcf\xe8\xdc\x51\xdc\x6a\xa1\xcf\x7f\xac\x14\x96\x54\xb7"
	"\xa0\x10\x26\xbf\xa5\x4a\xb1\xe7\xdb\x04\x18\x81\x26\xaf\xde\x9b"
	"\x6a\xfa\xde\xca\xc6\xe0\x3d\x63\xfd\x74\xe8\xcd\x92\xbf\x5a\x42"
	"\x69\xd2\x7b\x1d\x78\xe1\x45\x7a\x63\xe3\x51\xc6\x8d\x8f\xe3\x1a"
	"\x2b\x04\xa1\x74\x74\xe1\x21\x0a\x35\x8b\xaf\xc8\xbc\x09\x7c\x4d"
	"\xfe\x77\x61\x9a\x2a\x56\xa8\x2a\x8d\xed\x63\x69\xd4\xb0\x03\x8a"
	"\x1f\x7b\x95\xaa\x49\x73\xd1\x3c\xf3\xb9\xfa\x68\x43\x8b\x26\xaa"
	"\xd3\x54\xb5\x37\x9e\xcf\xa2\x2b\x96\xc7\xcc\x2c\xaa\xd0\xf7\x64"
	"\xcd\x0f\xe1\x61\x6d\x22\x03\x42\xc3\xb2\xa7\x0f\x54\x3f\xb8\x5a"
	"\x06\xaf\x54\xb3\x39\x82\xce\xc4\xc0\x40\x3e\xa9\x40\x95\x6f\xf0"
	"\xd1\x45\xd4\x2a\x03\x8f\xf1\x84\xae\x56\x10\xed\x13\x79\xb2\xb8"
	"\x54\x9d\x25\xf9\x61\x49\x91\xb3\xb4\xdf\xf8\x75\x55\x71\xed\xab"
	"\xaa\xe0\x75\xa1\xa1\x56\xb5\xaf\xcf\x2e\x21\x03\x15\x96\x2e\x9a"
	"\x10\xe8\x0b\x4a\xc6\x4a\x51\x1d\xa6\x5b\xaf\x86\xa8\x8b\xe0\x05"
	"\x5e\x6f\x10\xd4\x63\xe0\xad\x60\x69\x20\xfe\x25\x46\xb0\xd5\x55"
	"\x30\xcc\x92\x6e\x08\x5b\x2e\x57\xc8\x49\x48\x85\x39\xd7\xc1\xec"
	"\xeb\x60\x88\xb9\xa3\x0a\x73\x75\xcc\x44\x01\xb1\x86\x4a\xf6\x03"
	"\x30\x6b\xc0\x57\x1d\xda\xeb\x1d\x82\x64\x1b\xcc\x31\x69\x07\xd9"
	"\xdc\x5a\x8e\xb9\x58\xce\x63\x90\x4b\xcf\x21\x06\xbb\xb5\xea\x30"
	"\x93\xa3\x21\x83\x9c\x6b\x40\xf6\x35\x20\x64\x1c\x64\x90\x76\x14"
	"\x24\x08\x32\x06\xbd\xc7\x4c\x08\xdb\x92\x26\x99\x56\xc5\xbe\x07"
	"\xf9\x71\x08\x2c\xd9\x22\xc5\xbe\xf2\xb5\x43\xea\xad\xcd\xc5\x54"
	"\x5d\x60\x03\x72\xdc\xd5\xf0\xdb\x7e\x7d\x76\x98\x38\xd9\xc6\xcd"
	"\xbe\x48\x29\xa6\x19\xd5\x7f\x91\x17\x4d\xac\x0f\x21\xe3\x13\x26"
	"\x7d\x36\x1f\xca\x7c\x8a\xb5\x8c\x4a\xde\xdc\x2e\x4c\xec\xe6\x6b"
	"\x04\x2e\xd7\x98\xfe\xc4\x08\x4a\xac\x2c\xb9\x43\x04\xbb\x11\x38"
	"\x63\x0c\x4f\x7c\xe0\x68\x3a\x52\x07\x9f\xee\x4d\x88\x3e\x17\xf9"
	"\x53\x59\x25\xbe\x1a\xda\xb5\x27\x45\x49\x95\xdd\x79\x55\xd8\xb2"
	"\xf5\xc1\x5e\x0e\x6c\xb9\xab\x42\x11\xc8\x7e\x32\x5a\x4d\xd3\x78"
	"\xdf\xf8\xb4\xd2\xab\x90\xf4\x76\xb5\xa0\x4e\xac\x57\x1e\xec\x2b"
	"\x41\x0f\xa3\x22\xc2\xbc\x29\x8a\x12\x39\x66\x52\x50\x74\x56\x33"
	"\xbd\x78\x26\x89\x1b\x2f\xdd\x16\x55\x42\xe3\x6c\x62\x13\x19\xc7"
	"\x73\x6d\x37\x44\x36\xb1\x32\xaf\xdf\xfa\x9a\x4d\x08\x9b\xee\xc0"
	"\x6d\x7e\x5d\x85\x92\x76\x34\xdf\xe2\xef\x4a\xee\x9e\xa4\x54\xe3"
	"\x80\xf5\x7e\x2a\x84\x01\x6e\x9b\x0b\x6b\xdc\x3e\xac\x20\x90\xa7"
	"\xe4\x09\x28\x84\xd8\x56\xed\x36\x98\x22\x07\xd0\x48\x13\x5a\x1c"
	"\xc2\x35\x91\xb7\x4f\xaf\xdc\x58\xe1\xa2\x34\xd7\x06\x45\x85\x68"
	"\x4e\x92\x1c\x19\x1f\x85\xcd\x97\xfe\x18\xe6\x67\xcd\xae\xc8\x3d"
	"\x1e\xd9\x0a\x0d\x04\x05\x79\x94\x07\xaf\xb1\x56\x79\xc6\xa3\x57"
	"\xcd\xa3\x20\x3f\x14\xe5\x33\xbe\x51\xa2\x6e\x3c\x00\xd1\x69\xf8"
	"\x95\xcd\x3e\x09\xc2\x62\x0e\x97\x25\x65\x72\x1d\xb2\xf4\x13\xdd"
	"\xe4\xbc\x20\x16\x50\xaf\x60\x68\x36\x3d\xf8\x7a\x82\xc4\x95\x10"
	"\x87\x2a\xea\x72\x33\xb4\xe4\x6e\xd5\xf0\x79\x22\x99\x18\x28\x44"
	"\x36\x7e\x96\x36\x67\x68\xb8\x3a\xda\x5d\xa1\xc2\xc7\x0c\x1a\xa7"
	"\x92\x4f\x5e\xdf\x43\x1c\xc6\xfb\xe3\x07\xe4\xf2\xf4\x02\xfe\xd1"
	"\xf8\x09\xf2\x51\x3c\xa1\x0c\x3c\xbe\x0c\x0e\x05\x92\x21\x44\xe5"
	"\xf5\xfa\x9e\x63\xdb\x7f\x35\x7a\x55\x67\x8a\xbe\x49\xc0\x31\x3f"
	"\x3b\x33\xf8\x28\xad\xf3\x18\xf5\xee\xd3\x03\x78\xbd\xfd\xd7\x5f"
	"\xff\x69\xff\xf8\xf7\xd3\x17\xf1\xd7\xbb\xb1\x4b\x81\x4b\xbe\x5c"
	"\x14\x47\xc3\x2e\xa4\xc9\x26\xdf\x07\x49\xa6\xe3\x28\x81\x77\xb8"
	"\x54\xaa\x73\xab\x3a\xe0\x56\xd9\x84\x4f\x28\xaa\x37\xcb\x05\x83"
	"\xf7\x51\x77\x47\x24\xd1\x39\xd4\x89\x90\x10\x1b\x54\x63\x30\x0e"
	"\xc1\xba\x07\xc1\xae\x87\xd1\x36\xca\x60\x14\x65\xbd\x57\x68\x18"
	"\x44\xf8\x96\x38\x1f\x10\xd8\x56\x96\x19\xc8\xde\x37\x00\x2c\xb0"
	"\x8c\x07\xd2\x8b\x2e\x79\x14\x03\xa1\x4b\x8f\xee\x9a\x32\x09\x0c"
	"\x5b\xe7\xa4\x97\xe7\xc0\x5d\x7a\xe5\x70\x56\x41\xb7\x0a\xd1\xec"
	"\x2b\x80\x3c\x43\xd8\xca\x50\x5d\xf6\x32\x00\x4e\x1b\xd8\xc6\xc0"
	"\xe6\xf9\x53\xe7\x66\x69\x1c\x5f\xdc\x2f\xb2\x4d\xc1\x38\xbe\xf0"
	"\xd2\xd4\x94\x34\xb7\xdd\x85\x31\xb6\xa0\xd9\xd0\x91\x8d\xcb\x7a"
	"\x65\x19\x72\xfa\x3e\x21\xdc\xd9\x84\x6a\xfa\xd3\xa6\xc3\xb0\x8e"
	"\x12\xeb\x3c\xa1\xad\x0d\x81\x5c\x62\x5e\xd6\xba\x34\x88\x5d\x97"
	"\x41\xa7\x83\xe1\x8b\xd0\xbc\x1d\x63\xca\x7a\x93\x26\x24\xe6\x7f"
	"\x6f\xea\x24\x0d\xc0\x98\x5b\x9f\x9b\xb0\x93\x81\x3c\x5b\x7b\xb1"
	"\xcb\xdd\x09\x23\x7f\x64\xe4\x8b\xf5\x81\x2e\x08\x03\x03\x81\x61"
	"\x7b\x08\x1a\xcf\xc2\x49\x85\xfa\x39\x39\x12\xc9\x2c\xb1\x17\x75"
	"\xfa\x52\xc7\x3c\x18\x3e\xee\x43\xde\xab\x95\x4a\x99\x44\xb2\xf1"
	"\xf4\x31\x21\x18\x99\x09\x0c\xc1\x9d\x64\x08\xdf\x9b\xa2\x15\x58"
	"\x6a\xb3\xb7\xc7\x06\x30\x43\x33\x4c\xf6\x83\xf7\xa1\x6d\xa8\xb6"
	"\x11\x8a\xfd\x53\x9f\x4c\x4a\x6d\x62\xb3\xd9\x48\x52\xcb\x90\x04"
	"\xcf\x98\xe8\x7d\xdd\x00\x97\xf8\x99\x65\xb8\xe6\x3c\x70\x93\x25"
	"\xc6\x62\x35\x0b\xdb\xb9\x01\xb1\x69\x35\x8b\x13\xef\xa7\xa9\xd6"
	"\x31\x85\x8a\x2a\xb0\x46\x4e\xbd\xaf\x0c\x71\x47\x8f\x60\xa1\x2a"
	"\x46\xb0\xe5\x75\xb0\xf5\x4c\xcd\xe1\x59\x25\xa4\x8c\x7f\x08\x13"
	"\x74\xac\x05\xfc\xd1\x74\xbe\xf3\x19\x87\x5c\xad\xd6\xd7\x03\xe7"
	"\xbb\x24\x2d\x89\xb5\x88\xe7\xba\x9f\x81\xac\x18\xab\x3b\x89\xa9"
	"\x3f\x5f\x10\xdb\x2b\x6d\x2b\x72\xe4\x0b\x57\x1d\xae\xd3\x69\xd3"
	"\x4f\xf5\xac\xd8\x08\x5b\x78\xfd\x2c\xae\xd2\x30\x98\xa8\x0a\x07"
	"\x95\x55\x71\x48\x32\x7a\x84\x1b\x37\x76\x50\xc9\x83\xe2\x8e\x3b"
	"\x4f\x99\x6d\x02\xcd\x02\x67\x8d\xe9\x49\x8c\x70\xee\x4c\x43\x39"
	"\xca\x34\xf4\xcd\x14\x59\x2c\xb1\x76\x0a\xb2\x73\x65\x4d\xec\x2b"
	"\x70\x5b\x7b\xbd\xfe\x39\x8b\x9b\x78\xdb\x1f\xc2\xa0\x87\x59\x02"
	"\xa5\x98\x09\xe2\x08\x0c\x06\x34\xbe\x37\xc7\x06\x04\xb4\xa6\x05"
	"\x18\xc6\x32\x89\x19\xeb\x1e\x8e\x63\x6c\x9e\x1d\x26\x8f\xf3\xb9"
	"\xf2\x48\x0f\x6c\xbf\xe6\xe7\xde\xb4\x3e\xe8\x47\x44\xa0\xbc\x20"
	"\x80\x83\x63\x5a\x67\x49\x0e\xb6\x57\x53\x58\xb8\x57\xf7\xf8\xfd"
	"\xb0\xb5\x39\xd2\x59\xe8\x16\x8c\x14\x67\x91\x7e\x91\xb2\xe3\x6f"
	"\xa0\x87\x80\x2f\x45\xea\xf1\x79\x2d\xc2\x36\x8c\x61\x22\x46\x1e"
	"\x3b\x0a\x6f\x79\xf4\x22\x98\xf7\xe8\xba\x3e\xac\x6d\xe4\x55\xa5"
	"\x87\x31\xc8\xdc\x9e\xc1\x21\x60\x59\xd6\x58\x39\x93\x43\xe3\x59"
	"\xb4\x35\x9f\xa1\xac\xde\xa6\x01\xb8\x86\xee\x52\x23\xf3\xfd\x8b"
	"\x61\x6f\x1b\x8c\x69\x66\x72\x5c\x9e\x8e\xb9\x82\x9a\x20\xe9\x7b"
	"\x3f\x66\x42\x34\x5c\x41\xf8\xb1\x72\xad\x3e\x04\xed\x99\x40\x3a"
	"\xbb\x24\xf2\x82\x09\xa2\xd7\x00\x3f\x86\xf9\x35\xb0\xb4\xf6\x77"
	"\xc7\x59\xd4\xb6\xc2\x0c\xff\x86\xa8\x00\x7c\x91\x5c\x91\x17\x16"
	"\x68\x45\xde\x13\xbc\x79\x09\xc1\xaf\x8a\xbb\x7c\x5e\x2c\x09\x8f"
	"\x85\x36\xd8\x87\x54\xf7\xde\xe7\x13\xd2\x4d\xfa\xe9\xc0\xb7\x1d"
	"\xca\x17\x55\x9a\x82\x94\x88\xf0\x6c\x78\xc3\x4c\x88\xb0\xe2\xbe"
	"\x14\x40\xc0\x12\x7c\xcb\xd2\x43\x08\xe7\x86\xe4\xdf\xcf\xd0\x4e"
	"\x5c\x80\x4b\xa4\x28\x2d\xee\xa6\x78\x01\xe3\x55\x0d\x44\x9d\xfe"
	"\x85\xf2\x4a\x81\x0b\x92\x48\xb2\xa6\x83\x7b\xa0\x6d\xc9\x16\x3f"
	"\xdb\x03\xc5\x21\x05\xbd\x2e\x02\x18\x78\x72\x1f\xc3\x14\x10\x29"
	"\x93\x16\xa4\xeb\xdd\xb8\xca\x26\xb4\xea\x7b\xde\xc4\x84\x16\x77"
	"\x6d\x2e\x26\x46\x91\x2b\x21\xe9\xf7\xc5\x7d\xe0\x5a\x2b\x73\xc2"
	"\x87\x20\xb0\xe2\xa0\x29\x6a\x5a\xd6\x83\xa3\x51\x3b\xb2\xc4\x31"
	"\x52\xeb\x20\xbd\xbd\x71\x42\xeb\x2f\x9f\x9f\x4b\x91\xca\xfb\xec"
	"\x78\x50\x52\x6d\xf0\x9b\x7d\xb2\xd1\x5c\x46\xf6\x26\xd0\x8c\x4f"
	"\x84\x15\x8f\xd2\xa9\x6b\x50\xc4\x29\xad\xdb\x83\x89\x3e\xb9\xdd"
	"\x50\xf0\x28\xa5\xcb\x22\xa4\x8b\xc3\x01\x71\xfa\x16\x1e\xe8\xb0"
	"\x4a\xfe\xc5\x65\x86\xe4\xc3\xec\xf5\xd7\xeb\xd7\xd7\x9b\xe8\xc4"
	"\x1f\xf0\x07\xae\xb7\xc1\x9b\xb8\xfa\x82\x0b\xb9\x28\xb7\xd1\x6c"
	"\x7a\x14\x51\xc4\x64\x81\xf7\x4b\x36\x70\x8b\xb5\xdb\xdf\x10\xfb"
	"\x43\x82\x6b\x5a\xfd\x59\x2e\xcb\x1a\x1e\x5b\xb3\x25\x1b\xc3\xdc"
	"\x77\xa1\x74\xbb\x2b\xd5\x94\xe6\x37\x9b\xb7\x87\xef\x5f\x30\x97"
	"\x6a\xad\x40\x30\xf6\x72\x39\xf8\x9e\x94\x1a\x37\x6f\xed\xdd\x1c"
	"\x5b\x51\x41\xed\xb3\x01\x11\xcf\xea\xea\xb7\xc2\x0f\x35\x0f\x0b"
	"\xb6\xa7\xe4\xe6\x7c\x7a\x3d\xab\x35\x60\xe9\x98\x47\x49\x20\xf3"
	"\x73\x2b\x49\xf2\x9d\xdc\xa3\xca\x2d\x49\x9f\xd4\x5e\x2a\x33\x4e"
	"\x4b\x86\x5e\x15\x2e\x74\x36\xc2\xf0\x34\x2f\xf9\x4d\xb8\x50\xe3"
	"\x3b\x75\xac\x2e\x34\x90\xb1\xf8\x89\x45\x8a\xb4\x7b\xa1\x8b\x9a"
	"\xd6\x59\xe6\x55\x47\x1d\x9d\xc9\x16\xb4\xd9\x65\x44\xd9\x06\x3b"
	"\x32\x77\x3d\x81\x75\x02\x47\x40\x50\x53\xd9\xd3\xc7\xa0\xe2\x09"
	"\x41\x69\xfc\x19\x8c\xc7\xef\xea\x3c\x71\x8f\xdb\xb6\x07\x66\x50"
	"\xe7\x39\xf7\x16\xca\x1a\x00\xae\x1b\x4a\x1d\x32\x4a\xaa\x4b\x33"
	"\xc6\x7d\x40\x3d\xa2\x1b\x29\x38\xbd\x57\xb7\xdd\x67\xd2\x2c\x79"
	"\xfb\xf4\x7a\xff\x74\xf3\xe5\xf4\xe9\xed\xdb\xcd\xd7\x7e\x45\x69"
	"\x3a\xa8\xde\x10\x2f\x47\x27\xea\xdf\xf7\x57\x66\xb3\xf3\x94\x6c"
	"\x06\x08\x58\xeb\x6c\xff\xa5\xc8\x08\xdd\x05\x74\x72\x80\xe2\x24"
	"\x48\x72\x6d\xbf\x80\x2b\xb2\xdb\x3a\xac\x43\xbe\x8a\xeb\x52\xf8"
	"\x14\xd1\x76\x54\x11\xd1\xa0\x10\x85\xc9\xf4\xd6\x8b\x86\xd4\xea"
	"\xec\xf9\xd3\xc3\xf7\x53\xeb\x13\x33\xbb\x7f\xba\xff\x26\xb4\xce"
	"\xb5\x6e\x19\x4b\x65\x5a\x73\xcb\xff\xd1\x32\x62\xa9\x9b\x64\x0b"
	"\x32\xb3\x66\x3d\xa7\xcf\xdf\xb8\x73\x6e\x6d\xfe\xad\xa3\x0e\xd8"
	"\x8a\x8b\xad\xe6\xe3\xdc\x0b\xf4\x1f\x32\x82\x5c\x07\x96\x00\x6e"
	"\x74\x6a\x76\xa2\xe1\xcb\x91\xfb\x6f\x81\xad\xea\xbd\x29\x71\xbe"
	"\xde\x05\x4c\xc8\xdd\x57\x6a\xf3\xd9\x78\x29\x1c\x4a\x2a\x75\x4c"
	"\x81\x16\x97\x19\x32\xa0\x40\x95\xfc\x98\x0d\x8b\xdb\x13\x3a\x2e"
	"\x67\xb4\xf8\x20\xf1\x30\x4e\xf2\x35\x55\x2c\xdb\xc0\xa9\xa3\x3d"
	"\x91\x6d\xa3\xb7\x59\x17\xf1\x6c\xa0\x77\xb4\x2d\x88\x52\xb5\x23"
	"\xa9\x7b\x06\xdc\x8d\x52\x7c\xba\xff\xf7\xaf\x1b\x7a\xff\xfa\xf7"
	"\x8d\xff\xe3\x4d\xdf\xf7\x71\xe8\xed\xd9\x6a\x67\xcb\x16\xfc\x92"
	"\x74\x39\x74\xdb\xc9\xf8\x22\x77\x0f\xfe\x24\xc6\xdb\xf7\x0e\x7c"
	"\x6f\x48\x8e\x6c\xe8\xc7\xe1\x04\x87\x5f\xfc\xbc\x43\x3f\x2a\xb1"
	"\xd2\x38\xa5\x0d\xf3\xa7\x1b\x8c\xb2\x86\x0b\xc1\x24\x3a\x76\x75"
	"\xdb\x9d\x5e\x9e\x4e\xdf\x49\x7d\xa9\xd3\x8e\xd4\xc3\x1c\xd9\x4f"
	"\x34\x12\x1c\xd0\xda\x99\x45\xea\x61\xf5\x33\x35\x87\x16\x15\x17"
	"\xc5\xd8\xd7\x61\xf4\xf0\xf2\xf8\x9f\xfb\x97\x93\xde\x71\x47\x49"
	"\xfc\xa4\x89\xee\x54\x7f\x1c\x3c\x99\x6b\x1c\x60\x4f\x9d\xdd\x85"
	"\x6d\x16\xb2\x4d\x44\xff\x2c\x15\xdd\x35\x7e\xb4\x15\x97\xa1\x3a"
	"\xff\x34\xe0\xa4\x54\xf8\x8c\xf3\x7d\xe9\x1d\x7d\x5b\x14\x5b\xd0"
	"\x7e\x6a\xcb\x40\xdc\x58\x10\xee\x0b\x43\xa3\xae\xf8\xed\xe5\xfe"
	"\xe6\x6b\xd7\xea\xde\xae\x6c\x10\x7c\x50\xa3\xd2\x1c\x01\x6b\x12"
	"\x8f\xb4\xc3\xf8\x24\xbe\xc7\x3a\x01\x38\x62\xd0\x3a\x58\x1a\xdc"
	"\xfe\x76\x07\xcb\x04\x1e\xa6\x21\x36\xc5\xf0\xb6\x98\x5a\x8d\xec"
	"\x01\x8b\x27\x34\x07\x8f\xd2\x4a\x76\x0d\x24\x08\xe0\x09\xf3\xc0"
	"\xca\x48\xf5\x2e\x4d\x38\x86\x0b\x92\x09\x3d\x4a\xd9\xda\x8d\xac"
	"\x89\xd8\x26\xcd\x65\x68\xa3\x19\x3a\x6a\xc5\x1d\x29\xbb\x31\x09"
	"\xc9\x25\xcc\xb9\x8b\x64\xc5\x47\x97\xf8\x44\xa2\x0d\xab\xee\xa0"
	"\x8b\xe1\xc3\x26\x90\xd4\x09\xe1\x37\x0a\x06\xcf\x66\x1b\x3e\x76"
	"\xf2\x1b\x7e\x42\xd8\xca\x67\x82\xb9\x5e\x77\xe1\x03\x4e\x3a\xe0"
	"\xa4\x6d\x44\x2c\x8c\x56\xf8\x13\xc4\x0d\x9d\xa8\x4b\x9e\xa4\xe3"
	"\x4f\xbb\xd6\x59\xfc\xbb\xc1\xeb\x09\x24\x80\x2c\x30\x4e\x1d\xcc"
	"\x39\x25\x59\x33\xa2\x1d\x69\x3c\xa2\x6d\x09\x55\xc2\xc4\x67\xd8"
	"\x38\x87\x83\xda\x7d\xa5\x1f\x54\x41\xe5\x71\x51\x93\xfc\x83\x70"
	"\xda\x86\xb5\x89\x8b\x35\xe2\xe8\x50\xb6\xae\xc1\xc8\xd8\x5f\x50"
	"\x04\x21\x95\x0f\xfa\x51\xd7\x4e\x53\xd8\x07\xd5\x45\x22\xd2\xfa"
	"\xd2\xb4\xdd\x9c\xa4\x42\x04\x92\xe4\x24\xf0\x2f\x05\xb1\x98\x8f"
	"\x08\x5d\xed\x88\x4b\x72\xeb\x31\xbc\x3d\xba\xb1\x03\x9e\x0a\x48"
	"\xf2\x34\xc9\x43\xe4\x73\x9e\xd6\x90\xa0\x1c\x26\xf2\xbd\x6d\x30"
	"\x4c\x81\x9a\x90\x88\x04\xee\x17\x4a\xea\x43\x4f\x10\x34\xcd\xbe"
	"\xad\x0b\x3a\xb8\x77\xe4\x3f\x9b\x3c\xa4\x10\xda\x58\x7a\x7f\xbb"
	"\x84\x79\x61\x87\x5c\x01\x63\xdc\x3a\x57\xee\xce\x04\x01\x5b\xa8"
	"\x82\x4a\xab\x50\x5a\xa8\xb7\x51\xc6\x04\x17\xdd\x55\x80\xa0\x58"
	"\x4a\xf5\x7c\x9a\xca\x21\x7b\x68\x11\x11\x07\x59\x3c\xb0\xb1\xcb"
	"\xb3\xc1\x67\x49\x18\xb2\x97\xda\xa8\x24\x33\xc1\xed\x4e\xea\x1d"
	"\x95\x8c\x2e\xa9\xf0\x7a\x2c\xd4\x74\xd9\x7f\x7a\xd6\x70\xc1\x82"
	"\x9a\xc3\x41\x13\xc1\xe4\xf3\x5f\xa7\x57\x59\x99\x80\xb3\xb4\x31"
	"\x32\xf8\xad\x2a\xb2\x3f\x82\x7d\xc0\xb7\xb1\xcb\x2e\x36\xb0\x8a"
	"\x2b\xd6\xae\x6b\x60\xcc\xa6\x0e\x22\x85\x24\x0c\x4d\x0a\xf2\x47"
	"\xe4\xd1\x3f\x72\xaa\xe4\xdb\x4f\x22\x99\xe1\x64\x24\x28\x64\xc6"
	"\xb4\x57\x21\xf0\xbb\x0b\x93\xec\x17\x41\x08\x61\x86\xde\x3b\xf6"
	"\x52\x47\x4f\x0a\xd0\xf3\x82\x1b\x84\x77\x0f\xaf\xcf\xab\xd5\x62"
	"\xfd\x9b\xf9\x6e\x38\x85\x2f\xd0\x9a\x46\x2b\xdd\x08\x32\x08\x44"
	"\x46\x02\xd9\x48\xe5\x82\x2a\x09\x54\x4c\x92\xbc\x3e\xb0\xa3\xef"
	"\x26\x4c\xdf\xbf\x7b\xfb\xf3\xf9\xd3\x7f\x9d\x3e\x9f\x9b\x97\x3f"
	"\x5f\xbf\x7c\xbe\x7f\xf9\xd2\x9c\x7e\x9e\x99\x34\x77\xff\xfd\xcf"
	"\xd7\x4b\x00\x60\xc8\x06\x99\x22\x40\xaa\xb9\x66\xd9\x40\xfa\x0d"
	"\xd4\x0e\x11\x29\x41\xc8\xa6\x42\xc8\xce\x11\x21\xac\x15\x56\x2d"
	"\x49\x29\x4c\x60\xba\x62\x18\x19\x8b\x84\xd5\x65\x86\xf7\xaf\x8c"
	"\x18\xf4\xf0\xdb\xf9\xeb\xea\x9d\x5a\xa4\x50\x39\xad\x8a\x06\x3a"
	"\x08\x2d\xcf\x4b\x93\x6d\x0e\x95\x87\xc2\x9a\x3b\xb6\x71\x84\xe3"
	"\xda\x4b\x7d\x8d\x66\x85\x74\x65\x57\x6b\x65\x23\x68\x93\x37\xe0"
	"\xfe\x98\xb1\x00\xbc\x43\x36\x30\x37\x91\x4f\x59\x9e\xda\x0d\xa9"
	"\xad\x10\xdb\x54\x13\x42\x13\x7f\x34\x64\xea\xd0\xe6\x54\xd9\x94"
	"\x79\xc2\xa8\xce\x3c\x55\xbe\x45\x16\xea\x5a\xaf\xa7\xb7\x2f\xcf"
	"\x4c\x6c\xd5\xac\x33\xf0\x8b\xac\x70\x1a\x9e\xb4\x43\x74\x82\x38"
	"\x11\x42\xcd\xd3\xa1\x92\x1a\x24\xf2\x11\x62\x27\x9f\x44\xf2\x54"
	"\xca\x49\xde\xde\x1f\x15\xe0\xc7\x49\x1a\x54\x61\x8e\x95\x51\x0f"
	"\xdf\xb1\xda\x5a\x4a\x03\x27\x6a\x42\xc7\x69\xc1\x38\xa9\x84\x99"
	"\x08\x26\xb3\xa0\x01\xc3\xbd\x5a\xd6\xf2\xb5\x2a\x47\x75\xd1\xca"
	"\xc9\x2d\xb7\x7e\x42\x0e\x4e\x61\x95\x4b\x8b\x4c\x56\xc7\xa0\x59"
	"\x39\xfa\xa9\x93\x1c\x04\x61\x24\xb2\xc7\xf5\x96\xed\x86\x1b\x84"
	"\x97\xb6\xd4\x06\x09\xa0\xc6\xdd\xbe\xc7\x1e\x69\xb6\xc9\xd6\xcb"
	"\x69\x22\xc6\x64\xe8\x14\x5f\x38\xc9\x93\x19\x6b\x42\x44\x40\x3c"
	"\x11\xb2\x46\xde\x73\x2a\x78\x04\xc3\x05\x49\x2f\x98\xa0\x45\x23"
	"\x5a\xef\x2b\x9a\x8b\x1b\x8a\xd4\xd4\x25\xc2\xe1\x8b\x78\x88\x45"
	"\xcb\x1d\x4d\x07\x22\x0c\x54\x9b\x4a\x7a\x46\x9c\x02\xe5\x86\x42"
	"\x9c\xd8\xca\x92\x26\x61\x67\x2e\x76\xda\x92\x4b\xee\x13\x7b\x0e"
	"\xb1\xcb\x0b\xc4\x7f\x02\xde\x5c\x46\x2a\xd3\x1a\x25\x6f\x26\x7a"
	"\x71\x83\x93\x42\xac\x0f\xfd\xca\xcb\x94\x66\xdc\xd6\x1e\x89\x91"
	"\x7c\xf6\x13\x67\x8c\x2c\xc9\xd9\xe4\xc4\x0e\x19\xd9\x44\x93\x4b"
	"\x9c\x76\x9b\x1f\x9c\x49\xaa\x8b\x53\x2b\x4d\xa1\xdd\x32\xe5\x2a"
	"\xe0\x83\xc5\x2d\x54\xc2\x3f\xa6\xc9\x86\x87\x7c\xa8\xc4\x29\xfa"
	"\xb2\xac\x05\x3d\xfd\x58\xf4\x64\xbd\x06\x6c\x87\x73\xb4\x38\x19"
	"\x05\x7e\x23\x8b\x74\x5c\x8b\x52\xba\x0b\x6e\x13\x2b\x45\x1f\xe5"
	"\x48\xf6\xa8\xa4\x84\xb5\x9a\x09\xc8\x70\x6f\x8a\xad\xd2\x7c\xe2"
	"\xa4\x17\x11\xbd\xc6\x8b\x1f\x96\x31\xf6\x91\x9f\x60\xb9\xf9\x25"
	"\xfa\x4d\x11\x78\x38\x27\xc0\xda\x95\x0e\xb7\xb4\x94\x74\xb2\x83"
	"\x24\x93\x0d\xc8\x9d\xd0\xd1\x30\xa1\x43\xea\x80\x21\x6d\x89\x28"
	"\x67\xc9\x20\xc4\x16\x5f\x02\xad\x10\x2b\x2e\x05\x64\x5d\x03\xba"
	"\xaa\xb8\x2b\x2a\xbe\x72\xaf\xa9\x13\xe2\xdd\x44\x01\x5d\x53\x71"
	"\xc4\x5d\x83\x02\x72\xae\x01\x5d\xd3\x05\x88\xb3\x46\x05\xb4\x9e"
	"\x07\xad\xed\x2b\x72\x5a\x5f\x33\xc0\x6b\xfb\x8a\x7e\x5a\x3b\x57"
	"\xd4\x69\xb5\xc4\xfb\x89\x1d\xa2\x60\xc2\x37\xab\xf9\x6c\x4c\xeb"
	"\x9a\x6a\x33\x14\x3e\x09\x3c\xe2\x27\x89\x7e\x41\xf6\x35\x31\xd5"
	"\x15\xd6\x11\xac\xd9\x46\xd8\xb3\x88\xf9\x8e\x58\xcc\x22\xdc\x59"
	"\xc4\x72\x16\xb1\x9e\x45\x98\xf3\x8d\x31\xe7\x5b\x63\xe2\xcd\xd9"
	"\x15\xc9\xaa\xa9\xa6\xc9\x35\x4a\x86\x70\xca\x6c\xbf\xf4\xf2\x49"
	"\x84\x1f\xa6\x14\x31\xd5\xb9\x40\x98\xb8\x54\x57\xc5\x34\xa8\x2a"
	"\xd8\x91\x65\xae\xb0\x63\x95\xa4\xe9\x4c\x71\x5b\x2f\x9c\x85\x54"
	"\x61\xb8\x9b\x44\x24\xac\x5d\x98\x47\xf6\x1e\x93\xd7\x09\x9d\xef"
	"\xbe\xb9\x46\xd1\xba\xda\x29\xa1\xd4\x06\x08\xb8\x22\x90\x7c\xb1"
	"\xa7\x19\x1a\x49\x99\x1d\x54\x93\x8f\x23\xed\xf6\xc1\x83\xce\xcd"
	"\x5f\xf7\x9f\xff\x7e\x78\xfa\xd6\x39\x31\xf9\xf1\xf2\xf0\x74\xfe"
	"\x5b\xb8\x6d\x78\x3c\xbd\x7e\x1b\xc7\xb4\xe6\xb7\x64\x3b\xae\xc2"
	"\x22\x09\xfb\x20\xa5\xc0\x73\x5c\xca\x8e\x93\x69\xbf\xb9\x2e\x95"
	"\xcf\xe0\xe8\x23\x3d\x3e\x08\x01\x5c\xf3\xa5\x33\x90\x59\x8b\x82"
	"\x76\x19\xf0\x0b\x06\xbd\x97\xb2\x63\xee\x65\x89\x8f\x44\x6d\xf7"
	"\x9f\x1f\x7f\xb0\x23\xe9\x6f\x67\x08\x7c\xf7\x19\x02\xdf\xbd\xf2"
	"\x56\x7e\x16\xe9\x2f\xe3\x86\x76\xcf\xff\x51\x21\x7b\xbe\xef\x52"
	"\xe1\x66\xac\xf6\x43\xcc\x47\x7f\x0f\x63\xa2\x3a\x32\x29\x06\x20"
	"\xd0\xe9\x8f\xf4\x4b\x7b\x1b\x6c\x1a\xe2\x57\x49\x49\xb5\xe7\x1b"
	"\x61\x4e\x08\xf7\x95\x2c\xbf\x12\x0c\xf7\x69\x18\x8c\xcc\x0d\xb3"
	"\x9a\xb4\xb7\x20\x83\x7b\x1d\x26\x2e\x8a\x2f\xdf\x3b\xc6\xda\x1d"
	"\x1a\x13\xb1\xd2\x18\xdf\x06\xf7\x10\x19\x22\x36\x87\x5e\x20\xc2"
	"\x3d\x11\xfd\xec\xab\xf3\x9a\x84\x01\x64\xb0\x29\x52\x44\x0e\x86"
	"\x71\x2f\xee\x72\xad\x36\x57\xab\xf7\x20\xc9\x9e\x71\x08\x2e\x1e"
	"\x88\x68\xc7\x44\x8f\x12\x71\x39\x0f\xa7\x4d\x6e\xb6\xa1\x7f\x6d"
	"\x96\x20\xa2\x03\x8b\x3c\x3d\x0e\x1f\x7c\x79\x7a\x4e\xdb\x9e\x2a"
	"\x0b\x7e\x69\x4c\xd4\x1e\x6c\xd3\xc7\xb3\x24\x2a\x2a\x9f\x75\x70"
	"\xe8\xed\xb8\xd3\x77\x5f\xab\x69\x92\x79\xe0\xcc\x82\x6b\x6a\x0c"
	"\xef\xe6\xfb\xc4\xfe\x8e\xab\x0d\x7e\x61\xfc\x34\x75\x28\x12\x56"
	"\xc9\xd0\x94\xaf\x55\xbb\xe0\xd1\x68\xba\x37\xdc\xec\xf4\xf8\xfc"
	"\xf2\xeb\x26\x00\x75\x8d\x6f\x62\xd1\xcb\x83\xd1\xdf\xe6\x4f\x74"
	"\x2e\x00\xbd\x34\x2d\x7c\x7c\x4c\x59\x87\x90\x22\xc7\x34\xae\x2f"
	"\xd9\xb0\x59\x14\x4d\x40\xaa\x82\xeb\x10\xa3\xd6\x72\x02\x55\x6c"
	"\xe0\x2d\x06\xb1\xe1\x4d\xeb\x4d\x07\xcb\x71\x04\xdc\x8d\xa1\xef"
	"\xba\x6d\x47\x66\x61\x96\xb2\x81\x1c\x0f\x72\x47\x99\x9a\x8f\x14"
	"\x7c\x90\x4c\xc5\xe8\x00\xd4\x3e\x9b\xba\x65\x69\x31\x82\xa7\x8f"
	"\x6b\xd1\x12\x26\xb2\x6f\x63\x16\x83\x3a\xd3\xd4\xb0\x88\x79\xca"
	"\xa6\x56\x39\xf1\xd2\xcd\xea\xc4\x15\x7a\xa4\xd7\x7b\x44\xc3\xa7"
	"\x6f\xc1\xce\x2f\x24\x15\x04\xf8\x3d\xd5\x69\x71\x52\xdd\x8e\x6f"
	"\xf2\xb9\xaa\x11\x78\x3a\x7d\xfb\x21\x18\x78\x7c\xff\x34\xd4\x94"
	"\x68\x35\x7d\xc6\x51\x8c\x40\xc5\x07\x25\x82\x55\x95\x42\x6c\x0a"
	"\xd0\xa2\x6d\xd5\x33\x06\x1b\x91\x50\x8d\x19\x7c\xa0\x28\x15\xe1"
	"\x98\x66\xef\xa5\x75\x78\xf1\x6e\x73\x41\x0e\xea\x86\xe6\xa6\x62"
	"\xd4\xdc\x44\xbd\x9b\x18\xf4\x03\x65\x7d\xb0\x8e\x81\xf4\x24\xbe"
	"\x79\x17\x35\x7d\x6f\x5a\x86\xa6\xda\x3d\x0c\x6f\x99\x0c\x51\xab"
	"\x72\x77\xcb\xd8\x26\x63\xaa\x41\x21\xdd\x18\x0b\x6c\x31\xb6\xb9"
	"\xd7\xd1\xdb\x3c\x0d\x99\xd8\x55\x7c\xd1\x8f\x2a\xdb\x0b\x46\x11"
	"\xb5\x45\xa2\xa2\x6d\x08\x69\x7c\xa1\x4b\x37\x24\x1c\x29\xd6\x67"
	"\xc8\x6d\x02\xa6\x77\x16\x28\x7f\x17\x86\xe5\x0c\x6f\x63\xc2\x64"
	"\x26\x7b\x8b\x68\x35\x84\x3e\xff\x7d\xe1\xbe\x37\xff\x78\xfd\xf1"
	"\xf0\x04\x8e\x7f\x5f\xff\x75\xf3\xf8\x76\x3e\xfd\x3c\xb1\x3f\x4e"
	"\xe7\xcf\xbf\xff\xfe\xfb\x3f\xe5\xf8\x40\x9c\x1b\x52\xb6\x89\xd3"
	"\xf0\x10\x92\xa9\x45\xa3\x89\x13\xaa\xf2\x81\xd9\x4c\xee\xee\x04"
	"\x88\x31\xc7\xe2\x0e\xa2\x94\x4d\x60\xf9\xab\xf3\xc4\x76\x50\x15"
	"\xfb\xfe\x69\x59\x6f\xf2\x0c\x19\xc0\xb8\xa0\x32\x80\x47\x0b\x10"
	"\xeb\x48\xca\xfa\x7d\xcc\xf8\xda\xbc\x41\x6d\xac\xb7\xad\x26\x78"
	"\x49\x6c\x61\xf3\x90\x61\xe8\xa6\x72\x69\xbc\xc6\x50\xfb\x12\x9f"
	"\xfc\xa2\xd5\x79\xf9\x12\x24\x08\xd6\x15\x4c\xf4\x21\x61\x18\xb0"
	"\x79\x55\xb1\xf3\x42\x91\x4d\xf4\xde\x4e\x6c\x5e\xd3\x5b\x0f\xfb"
	"\xb7\xff\xdf\xca\xae\xad\x27\x92\x5b\x09\xff\x15\x94\x5f\xb0\xcc"
	"\x02\x21\x0f\x79\x70\xbb\xdd\x33\xce\xf4\x6d\xdd\x3d\x30\xc3\x4b"
	"\x8b\xb0\x9c\x80\x94\x85\x15\x17\xe5\xe4\xdf\x1f\x57\xb9\xdd\xe3"
	"\x5b\x19\x8e\xb4\xd2\x8a\xaa\x6f\x6c\xb7\xaf\xe5\x72\x5d\x84\x2a"
	"\xba\x41\x84\xa7\x3b\xcd\xa9\xa5\x1f\xbd\x69\x9e\x97\x12\x19\xb9"
	"\xf9\x93\x9b\xd6\xd6\xfe\x2c\x37\x77\xb8\x16\x8a\xf5\xe5\x4e\x8b"
	"\x22\xf1\x2b\xac\xe2\x3b\x42\xf6\xc0\x59\x02\xec\xa4\x87\xf9\x47"
	"\x43\xa6\x7f\x88\x49\xa8\xf2\x08\xaa\x18\x07\x02\x07\x9f\x1e\x5b"
	"\x3d\x84\x76\x9f\x59\x9d\x06\x85\x90\x8e\x29\xc0\x15\xdf\x86\x4c"
	"\xc6\xd1\x79\x71\x7d\x9b\xc5\x42\x15\x09\x84\x01\xd2\x58\x74\x68"
	"\x91\x0c\x2c\x11\x89\xa4\xf4\xe0\x10\xac\x37\xe5\xda\x08\x19\xa3"
	"\xb0\x71\x3d\xd2\xd7\xcb\x79\xfc\x20\x8d\xae\x3e\xdf\x92\x46\x2c"
	"\xce\xa3\x34\x69\xe8\x72\x5c\x51\xba\xc6\x96\x1f\xc6\x2e\x15\x46"
	"\xab\xed\xfa\x28\x87\x1d\xce\xea\x6a\xd7\x1a\xd9\x3b\xcf\x5d\x2b"
	"\xd6\x6f\xd2\x18\x7b\xd3\xab\x02\xcb\x6a\x53\x00\x12\xa7\x86\xc3"
	"\xab\x9b\x96\x30\x79\xe7\x46\xce\x40\x08\xbc\x28\xe2\x28\x03\x12"
	"\xa5\xf7\x21\xcc\x38\x3e\xff\xd0\x94\xe2\x3c\xa4\x61\xd9\x1c\x46"
	"\xc6\x09\x35\x81\x01\x5c\x6c\x8a\x29\x7b\xef\xc2\x48\x2c\x80\xf7"
	"\x8c\x6a\xd6\xfd\x2e\x5d\x2d\x66\x85\xd4\x63\x3d\x5c\x4b\xb8\x8e"
	"\x84\xdf\x1d\x15\x34\x13\x62\x77\xfc\x2a\xda\x98\x82\x0e\x27\x36"
	"\x6a\x3c\xb2\xb4\xc8\x65\x5a\x4e\x84\x3e\x57\xdf\xb4\x18\x52\x7d"
	"\xa2\xa0\x1c\xc4\x1c\xba\x19\xc0\xe6\x5a\xcf\xac\x04\xc0\xbf\xd2"
	"\x5a\xb1\xc6\xe0\xbc\x63\x7d\x9e\x03\xf3\x38\x13\x41\x32\xe7\x24"
	"\x8a\x73\x12\xcd\x94\x43\x91\xde\xbf\x39\xa6\xe8\x44\x03\xa9\xb6"
	"\xf3\x13\x98\x5b\x3a\x6b\xf5\xc2\x82\x4b\xf7\xfc\x03\xe2\x6c\x5d"
	"\xe0\x10\x08\x2f\x07\x34\xd2\x48\xa6\x7b\x8a\x1a\xd4\x20\x57\x13"
	"\xa6\x1a\x0b\xf6\xa3\x25\x7c\x1e\x64\xf8\x9e\x87\xd2\x91\xe0\xfa"
	"\x2a\xa2\x05\x48\xbf\x7f\x70\x96\x4e\x85\x5e\xe5\x9b\x86\xa9\xb4"
	"\x58\xe1\x4c\xff\xff\x03\x09\x0e\x77\xa3\x96\x65\xc9\x3d\xdb\x0c"
	"\xa1\xb8\x82\xc0\x53\xac\xc7\xe7\xa8\xc4\x87\xda\x65\x60\xda\x8f"
	"\xb9\xe2\xbc\x73\xaf\x61\x28\x19\xa4\x75\x42\xea\xfd\x09\xd5\x41"
	"\xe3\xfd\xeb\x5b\x70\x24\xd5\xdb\x92\x88\xa8\x02\x0d\xc6\x63\x54"
	"\x4b\xe4\x44\x88\x1b\x84\x90\xdc\xc5\x25\xc4\x84\x65\xa4\x0f\xad"
	"\x02\xac\xc9\x68\x3e\x2a\x1d\xa0\x7b\xf2\x30\x7d\x32\xc2\x31\x41"
	"\xf2\x8d\x78\x75\x71\x96\x8f\x4c\x83\x9f\xb4\x11\xfb\x30\x1d\x72"
	"\xf0\xcd\x23\x0e\xf1\x46\xd4\x3d\x25\x26\x20\x6e\xab\x81\x23\xf1"
	"\xec\x8d\x00\x54\xf6\x55\x34\xbf\x90\x23\x65\xab\x8d\xfc\xdd\x4e"
	"\x96\x34\x57\xe9\xeb\xe8\x66\x0c\x43\xac\x04\xdf\xca\x86\x4d\x66"
	"\xfc\xb7\x99\xc9\x01\x26\x8a\x7a\x3f\xef\x0f\x99\xf6\xf7\x99\x8f"
	"\xcb\x5a\x8b\x9b\x7e\x46\x93\x98\x4c\x0b\x68\x2d\xe9\x3c\x4e\x0c"
	"\x0c\x36\xb6\xe2\x90\x1b\xa4\xa6\x2b\xa9\xbc\x8b\x84\x10\x65\x14"
	"\x2d\x18\xad\x13\xe2\xc1\xa0\x4d\x79\x10\x69\x82\x41\x5a\xd1\x0f"
	"\x54\x0b\xeb\xb2\xf0\x14\x05\xfa\xef\x9c\x62\x01\x5d\x94\x74\xc9"
	"\xad\x1c\xe5\x0d\x6e\xb0\xbe\x13\xc0\xac\xc5\xb3\xc0\xb6\x9b\xda"
	"\x5d\x9d\xee\xbd\xc8\xdb\x29\x56\xc3\x40\xe4\xa5\x49\x0e\x78\xe9"
	"\xb9\x76\x35\xad\x7e\x52\x66\x8a\x3e\x19\xdb\x3c\x8c\x5b\x13\x4b"
	"\xe8\x0b\x0a\xe7\x10\x11\xd1\x2e\x80\xe2\x11\x07\x67\x86\xab\x32"
	"\x0f\x30\x70\xae\x97\x72\x80\x29\x5f\x7e\xa2\xc4\x7a\x4b\x36\xdf"
	"\x0b\xb2\x15\xf0\xfc\x8c\xa9\x01\xd3\xcd\xc3\x1d\xb0\x36\x0a\xe4"
	"\x6d\x95\xe9\x8e\x74\xb6\xe4\x18\x04\xa1\x7c\x5c\xbd\x4e\x80\xf0"
	"\x73\x91\x07\x4c\x74\x9a\x8e\x55\xa8\xc7\x3e\x5c\x71\x92\x37\xb8"
	"\x4e\x4b\x01\xcf\x04\xff\xa2\x3b\x14\x15\x1b\x61\x92\xf8\x00\x64"
	"\xd5\x29\xc6\xd1\x92\x84\x71\xa5\x77\x2d\x58\xd6\x99\xae\xd4\x52"
	"\xcc\x11\x97\x3e\x11\x54\xa3\x8f\x83\x7e\x44\xd7\x4a\x32\x93\x98"
	"\x87\x9a\x43\x1c\xa5\x0f\x20\x09\xba\x18\x2b\xe0\xca\x52\x65\x8a"
	"\x33\x37\x66\x58\xc5\x28\x0c\x1b\xbf\x5b\x72\xe4\xc5\x1e\x82\x72"
	"\x62\x50\xaa\xd1\xf8\xc2\x87\x97\xad\x7d\xe6\x7e\x85\xd6\x9e\xb3"
	"\x92\x39\xd7\x24\x51\x83\xb5\x5e\xb0\xe1\x79\x5e\x76\xea\xf9\x19"
	"\xe4\x87\x13\x75\x0f\x59\x9b\xee\xd0\xf9\xb6\x4a\x7b\x43\xea\xf1"
	"\x33\xbe\x07\x4a\x0f\x37\xa5\x13\x59\x52\x74\xc7\x35\xde\xdf\xbd"
	"\xbf\x40\x5c\xf5\xe8\xb5\x0a\xf6\x72\xc7\xb3\x4a\xff\x85\xc6\x45"
	"\xbe\x57\x25\x9c\xca\xe0\xfe\xaf\x65\x3a\x8d\x80\xb3\x9a\x30\x12"
	"\x9b\x8b\x20\x42\x2e\xa3\xe1\x9b\x96\x77\x49\x08\xf8\x46\x97\x1b"
	"\xc7\xf7\x21\x69\xda\x78\x18\x22\x33\x59\xb7\xaf\xd0\x71\x43\x6f"
	"\x1b\x62\x58\x2f\xdd\x96\x7e\xc9\x31\x48\x54\x01\xcc\x72\xa0\xc5"
	"\x7b\xee\x7a\xd6\x13\x24\xae\x04\x4c\x7d\xf1\x4e\x01\x7e\x67\x54"
	"\xd6\x09\x83\x4d\xda\x16\x2d\x05\xcd\xc6\x53\xc9\x4a\xac\x61\xd5"
	"\xbe\x52\x4d\xb6\x8a\x29\xd4\xb9\x59\x99\x74\x68\x20\x3b\x6b\x0f"
	"\x46\x74\x10\xfe\x45\x99\x67\x3b\xf7\xfc\x04\x95\xb3\x00\x13\x66"
	"\x38\x3f\x40\x04\x31\xba\x39\x16\x29\xbb\x3d\x90\xf7\xc6\x16\x95"
	"\x00\x2f\x35\x43\x4f\x3c\x59\x57\x7a\xf4\xc0\x2d\x63\xe8\x76\x8a"
	"\x0a\xd9\x61\x84\x0d\x28\x0f\x0e\x34\x23\x1c\xe6\x3a\x71\xb6\x5f"
	"\x4f\x76\xa2\xb5\x6d\x5f\x74\xd1\xf9\x9e\xb4\xf0\xf9\xec\xfb\x44"
	"\xad\x70\xc2\x43\x12\xd4\x78\xe6\x2c\x08\x76\xc5\x27\xab\x49\xa6"
	"\x30\xa8\x48\xd6\xc7\xa1\xbe\x5d\x8d\x8b\x2a\x3b\xd1\xbe\x86\x4a"
	"\xd5\xbd\x40\xb4\x78\xde\x1d\xba\x3c\x86\xf5\xba\x2f\x1a\x32\xa6"
	"\xc5\x8c\xaa\x3b\x56\xf6\xb2\xcd\x83\x0e\xac\x61\xa9\x57\x4a\x10"
	"\x7a\x4b\xef\x6e\x05\x24\xbb\x7e\xe9\x1c\xdd\x1a\xa4\x2f\xce\x71"
	"\xe4\x08\x0f\x21\x2b\x2d\x57\x24\xc3\x56\x34\xc7\x00\xc1\x5e\xdd"
	"\x9a\xac\x9b\x83\x81\x01\x58\x32\xd8\x0a\x14\x3b\x0a\xb0\xc9\xf5"
	"\xfc\x3a\x46\x8c\xaf\x38\x6b\xc9\x7c\x17\xc8\xc0\x7c\x77\x21\x4d"
	"\x7a\x2b\x6e\x19\xe8\x0e\x53\x4c\x36\x1c\x9a\x46\xc0\x66\x13\x6c"
	"\xc1\x0e\x64\x57\x4a\x6f\x1b\x96\x0d\x11\xcc\xfe\xaa\x21\x5c\x54"
	"\xaf\x44\x7e\xd4\x4a\x51\x89\xf4\x59\xb7\x66\x55\x6e\xd6\x97\x43"
	"\x33\xc4\x2f\x45\xb9\xa5\x18\x61\x82\x6c\x88\x04\xec\xf7\x5f\x5e"
	"\xef\xff\x7e\x7c\x7a\xff\xef\x2f\x47\xfb\x68\x67\x91\x95\x25\xf3"
	"\x7d\xc5\xcb\xde\x9c\x22\xbb\x64\x8c\x7e\xe3\x81\xb6\x04\xc1\x7c"
	"\xf9\xf7\xe7\xdb\xf3\xc9\xdd\xf3\xcb\xfd\xc9\xf3\xcb\xc9\xc3\xfd"
	"\xdf\x3f\xd1\x51\xd6\x03\xeb\x5e\xec\x5d\x7d\x9b\x21\xb2\x7a\xed"
	"\x39\x9c\x7b\xe4\x55\x4c\x17\xae\xb3\xbb\x43\x8c\xa1\x45\xbd\xe5"
	"\xb2\xdf\xb8\x92\x5f\xc8\x89\x7f\x04\xb7\xce\x24\x31\x86\x2a\x57"
	"\x1b\x78\xa4\x25\x81\x8b\x51\x4d\xd4\x74\xb2\x25\x8c\x6a\xfd\xb6"
	"\xef\x57\x29\x62\x5c\x02\xc8\x1f\x89\xe6\x0c\xcc\x73\x59\x33\xd4"
	"\x72\x43\x8e\xf2\x24\x78\x19\x77\x8a\x5e\xf6\x6c\x9d\x68\xde\x4c"
	"\x5f\x25\xea\x80\x13\x28\x2d\x6f\x79\x3f\xb5\x87\xc5\x14\x3d\x25"
	"\xf9\xf0\x75\x75\xba\xba\x6c\x76\x75\xd4\x84\xd6\x24\xe0\x88\x89"
	"\xa9\x46\xf5\xf8\x3f\x5d\xcb\x12\xc3\x22\x2a\x11\xff\x2b\x13\x45"
	"\x36\x86\x43\x97\x09\x29\x2c\x84\xeb\xe5\x3d\xd3\xfd\x48\xad\xd6"
	"\xcb\x53\x36\xe5\x12\x49\xf9\xfd\xed\x01\x32\x35\xdd\xdd\xbe\xdd"
	"\x7f\x3f\x11\x4f\x77\xb0\xf0\x40\xda\xfd\xe7\xf1\xed\xe1\x84\xbd"
	"\xbe\x3e\xdf\x3d\x22\xab\xbc\x7d\xbb\x75\x45\x5f\xdb\x64\xde\x64"
	"\xfa\x93\x37\x89\x8f\xd1\x9b\xbf\xfe\xb7\xfa\xd2\x77\xf5\xe1\xf4"
	"\x6b\x3a\xc0\xaf\x75\x47\xfd\x26\xaf\xa2\xe6\x0b\xfd\x6b\xd9\x22"
	"\x03\x1b\x54\x60\xa6\xd5\x1f\xcf\xdf\xef\x5f\xa3\x1d\x82\x17\x71"
	"\x9f\xf0\x51\x25\x68\x43\xa2\x9e\x22\xd1\xfa\xda\x77\x90\x8a\x07"
	"\xbf\xe0\xf4\x07\xed\x7d\x85\xac\x5d\x6a\xe2\x70\xad\x7c\xdd\x97"
	"\xb1\xe7\x2b\x2b\xe2\xb3\xb6\x85\xe6\xc1\x87\x4c\x1b\xb0\x2e\x1c"
	"\x36\xec\xfc\x74\x65\xfb\x63\x73\xfb\xfa\x40\x75\x87\x46\xc7\x9b"
	"\x91\x21\x86\xad\xda\x07\x5f\x12\xf2\xaf\x9a\x44\xce\xdc\xf2\xf1"
	"\x2f\x13\x9a\x28\x9c\xd8\xfc\xeb\x2a\x31\x12\x40\x4e\xcd\x10\xc5"
	"\xc7\xd3\x2f\xa5\xac\x32\x53\x6b\xde\x57\xa3\xfe\x4f\x4c\xaa\x68"
	"\x35\x95\x67\x74\xc1\x4d\x79\x9e\x5a\x80\x52\x4f\x3a\x51\x4f\x8d"
	"\xcc\xf6\x89\x6a\xca\x53\x2a\x2f\xc9\x11\x41\x65\x13\x59\x10\xab"
	"\xf3\x8b\x0f\x10\x41\x1c\xc3\x60\xd9\x6c\xd8\x69\xbc\xe8\xf5\x92"
	"\x3b\xbf\x48\x91\xcd\xd4\x09\x2b\xd1\x8c\xaf\xb9\x46\x8c\x6b\x75"
	"\xfa\xdb\x2a\x87\xb8\xee\xcf\x4f\xe3\x0c\x71\xfc\xf1\xe7\x83\x17"
	"\xe9\x63\x39\x72\x53\x4b\x43\x53\xa7\x51\xe6\x6a\x61\xed\xae\x90"
	"\x99\x3d\x9d\x29\x7e\x96\x28\xb8\xa8\xbb\xeb\x4a\x12\x0a\x61\x3b"
	"\x0d\x59\x03\x09\x9b\x58\x1e\x33\x8c\xe7\x1f\x01\x2e\xe8\xe6\x95"
	"\xc9\xcf\xae\xa2\x23\x24\xda\x33\x36\xec\x86\x95\x39\xc4\xc0\xea"
	"\x81\xad\xb2\x53\xcd\xee\xc4\xd9\x62\x84\xc8\x57\x23\x54\xaf\x2f"
	"\xe8\x59\x48\x4f\x99\xe0\x2c\xa7\x14\xa3\x7b\x48\x5f\xb1\x61\xa0"
	"\xe2\xa3\xcd\xd0\x8f\xb1\x8f\x83\x8e\x95\x03\x25\xef\x1c\x59\x5a"
	"\x18\x6d\xb3\xec\xd9\x0a\x69\xb1\x37\x86\x24\x85\x26\x81\x77\x38"
	"\x8c\x55\xed\xa5\x41\xb1\xa7\xc5\x4d\x97\x18\xde\x4b\x3f\x5b\x54"
	"\xf8\x93\xd4\x7c\xd5\xd4\x4d\xbc\xdd\xaa\xdb\xa7\xef\xcf\x3f\x4e"
	"\xda\xf7\x1f\x7f\xde\xbf\xd8\x64\xe3\x41\x82\xf1\x65\x9d\x0c\x72"
	"\xe2\xbd\x4a\x67\x1b\x9b\xbf\x42\x81\x37\xb2\x68\x77\x71\x9f\x00"
	"\x87\x38\x28\x0c\x8f\xe5\xd7\x12\x82\x78\xd2\xbd\xda\x41\x44\xf5"
	"\xfe\x01\xc1\xe6\x95\x80\xbb\x9d\xaf\xd4\x70\x04\x40\x7c\x0e\xfc"
	"\xa8\xfe\x05\x68\xc7\xf6\x53\x60\x45\xa9\xf3\x02\x1c\xdc\x17\xe8"
	"\x2f\x83\xb6\x05\xb6\x6b\x96\x73\x9d\xea\x4f\x71\x85\xf9\xfa\x38"
	"\x63\xcd\x32\x7a\xf8\xe2\x39\x64\x0f\x1f\xf8\xdd\x1c\x0a\xfe\x83"
	"\x76\x03\x72\x38\xef\x3f\x82\x70\xfe\x21\xa4\x95\x23\x84\x02\xe5"
	"\x6d\x7b\x1e\x04\x83\x4c\x16\xc8\xae\xe4\xae\x99\x6e\x64\x9f\xdb"
	"\x10\xf5\xd7\x37\x7d\x1c\xf6\xbe\x89\xd3\x0b\xa4\x70\x9a\x16\xdc"
	"\x0b\xdb\xae\xc4\x04\x78\xcb\x73\xe8\x54\x31\x59\xc7\x66\x8c\x11"
	"\x24\xf5\x6a\xe4\xe9\x06\x6c\x84\xe3\x98\x89\x09\x0d\x0c\x66\xd8"
	"\x15\x3e\x6c\x7f\xfe\xe5\xb7\x89\x0b\xd0\xb2\x49\x30\xed\x37\xde"
	"\xe5\xde\x5d\xb9\xdf\xf2\xe1\xd7\xc5\x91\xc2\xf0\xe3\x93\x14\xb2"
	"\xa4\xff\x07\x25\xf7\x57\x8c\x0c\xf9\xfa\xf8\xd7\x93\x49\x85\x89"
	"\xde\x10\xc1\xfb\xb7\xf1\xfc\x9c\x46\xb5\x1b\x66\x4d\xaf\x22\x23"
	"\x68\x1b\x68\x51\x33\xbe\xc5\x77\xf1\x04\xd8\xd3\xa8\x2f\x97\xf7"
	"\x94\xcc\x61\x30\x69\x11\x43\x4b\x08\x86\x9d\x97\x66\x6c\x35\x22"
	"\x59\x85\xcb\x0d\xeb\x40\x39\x71\x01\x64\x0f\x43\x10\x46\x93\xc8"
	"\x58\x24\xb1\x5f\x44\x70\xd2\x4d\x71\xd9\xf9\x7b\x93\x87\x2c\xea"
	"\x6d\xb6\xb0\x56\x74\x2d\x80\x3e\x73\xd0\x23\x38\x2b\x4d\x2d\xc5"
	"\x16\xc3\x87\x47\x7a\x54\xda\xf2\xd6\xd0\x42\xe4\x4b\xf3\xe2\xbf"
	"\xc4\xd2\x7b\xfc\xf3\xe5\xf6\xe5\xdf\x93\x97\xe7\xf7\xb7\xc7\x27"
	"\xf7\x6e\x52\xe8\x3d\x44\x5c\x09\x35\x84\x76\x5f\xf8\x44\x9b\xe2"
	"\x9a\x27\x08\xf7\x61\xcf\xa6\xac\x1a\x46\xd5\xf2\xfe\x30\x55\xaa"
	"\x6b\x6c\x60\xa1\x04\xa4\x16\x2d\xc1\x6d\x05\x44\x6c\x91\xae\x67"
	"\xf1\x92\x0e\x8b\xcb\x49\x76\x8d\x1b\xce\xd3\xb2\x64\x17\xf8\x98"
	"\x40\x78\x1e\xde\xf4\x7b\xbe\x31\x56\xaa\x4a\x54\xee\x74\xe1\x90"
	"\x18\x66\xf4\x6e\xe6\xfc\xf4\xc2\x1f\x66\x3e\xc5\x77\x20\x8f\x2d"
	"\xc7\xdd\x94\x56\x33\x44\xb7\x2a\x98\xd9\x19\xeb\xd7\x19\xa0\x77"
	"\x2c\x51\x1c\x2e\x13\x3f\x35\x9c\x33\xaa\x29\x00\x61\xea\x9a\x8d"
	"\x22\x83\x28\x24\x25\x24\x72\xb2\xe0\x5f\x53\x6f\x26\xb2\x58\xae"
	"\x93\x2e\x36\x15\x64\x07\xf5\xb4\x76\x94\x9c\x21\x42\x32\x0e\x94"
	"\x79\x51\xa3\x20\x11\xf7\x68\xca\x83\xcf\x9a\xf9\x6e\xc5\xb0\x02"
	"\xfa\xdc\xf7\x25\x43\xa4\x46\xf2\xa2\x1b\x62\xc0\xa7\x96\x22\x45"
	"\x3f\x9b\xd2\xd4\x14\x7a\x7f\x03\xe4\xf0\xef\x69\x7f\x79\x11\xd1"
	"\x30\x95\x57\x1f\x63\x25\x73\xf7\xbb\x99\xa8\x37\x8a\x14\x6d\xdc"
	"\xec\x9a\x22\x62\x0c\xfa\x14\x8b\xcb\x2d\xf8\x1f\x6e\xaf\xce\x54"
	"\xa2\x3f\x8f\xdf\x36\xad\x6f\xdc\xec\xc3\x0e\xa3\xd0\x8c\x55\x92"
	"\x53\xdf\x34\x2c\xc9\xd8\xdf\x10\xf8\x8e\xa0\x9f\xc5\x1b\x40\xe2"
	"\x4d\x4e\x09\xf0\x43\xe8\xea\xce\xbb\x9d\xb8\x54\x78\x77\xbd\x24"
	"\x58\xba\x42\x87\x05\x4f\xe7\x83\x80\x09\x9b\xa2\x4d\x5b\x57\x0e"
	"\x72\xe8\x45\x93\x24\x57\x83\x9b\x7b\x79\x18\x3a\x2e\xf5\x86\x8a"
	"\x1b\xae\x62\x07\x77\x13\x1e\x60\xc3\x13\x4d\x48\x9a\xa3\xc9\xf7"
	"\x3e\xbd\x6c\x58\x68\xa8\xd7\x76\x5d\x3f\x51\xe9\x18\x01\x00\x4e"
	"\x4e\x44\x88\x3b\x30\x71\x53\x5e\x25\xe5\x37\x77\xc7\xaf\x3b\x4f"
	"\x3d\x07\x7f\xe7\x16\x63\x5b\xfb\x41\xb6\x78\x7d\x33\x8d\xcc\xd7"
	"\xf0\x75\xaa\x24\xf4\x3b\x25\x61\xe3\x00\x56\x38\x7d\x57\xa7\x44"
	"\xc5\xa6\x97\x7a\xa5\x3b\x0f\x8a\xf1\x9b\x93\xe6\x57\x6e\x74\x62"
	"\x88\x1d\x6d\xc2\xf9\x2b\xff\x55\x7b\x1d\xbb\x9c\x1e\x59\x7d\xe7"
	"\xbe\x7b\x2d\x76\x4d\x03\x26\x57\x95\x6e\xf0\x6e\x63\x63\xe7\x27"
	"\x99\x53\x36\x21\x35\xd1\x6f\x5b\x26\x55\xe8\x87\x03\x34\xdd\xe1"
	"\xae\x06\xbb\xea\x41\xab\xec\x98\x88\xcd\xde\x4b\x1a\xf1\x3f\x3e"
	"\x95\x22\x54\xb4\xa8\x02\x00"
MAGIC_END;
